inventory_id,snapshot_date,dealer_id,product_id,on_hand_qty,on_order_qty,reorder_point,reorder_qty,last_restock_date,last_sale_date,error
INV-20251130-00046,2025-11-30 00:00:00,40,209,56,9,7,26,2025-10-20 00:00:00,2025-11-26 00:00:00,E004_FK_VIOLATION
INV-20251130-00058,2025-11-30 00:00:00,19,189,13,0,5,19,2025-10-30 00:00:00,2025-11-08 00:00:00,E004_FK_VIOLATION
INV-20251130-00062,2025-11-30 00:00:00,19,279,98,0,5,11,2025-10-27 00:00:00,2025-11-28 00:00:00,E004_FK_VIOLATION
INV-20251130-00072,2025-11-30 00:00:00,19,310,-4,7,9,18,2025-10-28 00:00:00,2025-11-28 00:00:00,E003_OUT_OF_RANGE
INV-20251130-00083,2026/01/31,19,178,11,6,13,34,2025-11-02 00:00:00,2025-11-27 00:00:00,E002_BAD_TYPE
INV-20251130-00084,2025-11-30 00:00:00,19,62,-15,1,18,72,2025-11-27 00:00:00,,E003_OUT_OF_RANGE
INV-20251130-00085,,19,272,77,4,5,17,2025-11-16,2025-11-04,E001_MISSING_REQUIRED
INV-20251130-00093,2025-11-30 00:00:00,35,275,53,-14,19,39,2025-11-13 00:00:00,2025-12-03 00:00:00,E003_OUT_OF_RANGE
INV-20251130-00095,2025-11-30 00:00:00,35,260,12,-8,16,62,,2025-11-08 00:00:00,E003_OUT_OF_RANGE
INV-20251130-00102,2026/01/31,35,132,53,50,8,21,2025-11-11 00:00:00,2025-11-16 00:00:00,E002_BAD_TYPE
INV-20251130-00104,2026/01/31,35,155,6,2,6,11,2025-11-05 00:00:00,2025-11-16 00:00:00,E002_BAD_TYPE
INV-20251130-00116,2025-11-30 00:00:00,35,50,4,50,30,71,,2025-11-14 00:00:00,E004_FK_VIOLATION
INV-20251130-00126,2025-11-30 00:00:00,35,77,23,194,15,37,2025-11-19 00:00:00,2025-11-02 00:00:00,E004_FK_VIOLATION
INV-20251130-00167,,11,109,45,-16,6,18,2025-11-15,2025-11-15,E001_MISSING_REQUIRED
INV-20251130-00203,2025-11-30 00:00:00,51,329,7,15,17,39,2025-11-14 00:00:00,2025-11-18 00:00:00,E004_FK_VIOLATION
INV-20251130-00205,2025-11-30 00:00:00,51,29,10 units,9,32,52,2025-10-19 00:00:00,2025-11-16 00:00:00,E002_BAD_TYPE
INV-20251130-00218,2025-11-30 00:00:00,51,167,0,-6,16,46,2025-10-21 00:00:00,,E003_OUT_OF_RANGE
INV-20251130-00229,2026/01/31,51,53,0,5,15,37,,,E002_BAD_TYPE
INV-20251130-00235,,51,22,16,21,35,124,2025-10-31,,E001_MISSING_REQUIRED
INV-20251130-00239,2025-11-30 00:00:00,51,90,64,1,13,36,2025-11-15 00:00:00,2025-11-05 00:00:00,E004_FK_VIOLATION
INV-20251130-00241,2026/01/31,51,112,17,6,7,28,2025-11-14 00:00:00,,E002_BAD_TYPE
INV-20251130-00244,,51,194,10 units,8,15,32,,2025-11-24,E001_MISSING_REQUIRED
INV-20251130-00262,2025-11-30 00:00:00,46,63,27,-5,35,140,2025-10-20 00:00:00,2025-11-22 00:00:00,E003_OUT_OF_RANGE
INV-20251130-00288,2025-11-30 00:00:00,46,90,69,10,7,28,2025-10-21 00:00:00,2025-11-11 00:00:00,E004_FK_VIOLATION
INV-20251231-00336,2025-12-31 00:00:00,87,75,15,-9,17,41,2025-12-01 00:00:00,2025-12-10 00:00:00,E003_OUT_OF_RANGE
INV-20251231-00347,2025-12-31 00:00:00,57,68,-1,160,11,28,2025-11-25 00:00:00,2025-12-14 00:00:00,E003_OUT_OF_RANGE
INV-20251231-00356,2025-12-31 00:00:00,57,136,2,-15,7,24,2025-11-23 00:00:00,,E003_OUT_OF_RANGE
INV-20251231-00386,2025-12-31 00:00:00,57,39,13,-14,26,94,2025-11-18 00:00:00,2025-12-15 00:00:00,E003_OUT_OF_RANGE
INV-20251231-00392,2026/01/31,50,230,22,19,18,56,2025-11-27 00:00:00,2025-12-07 00:00:00,E002_BAD_TYPE
INV-20251231-00399,2025-12-31 00:00:00,50,45,-10,0,38,119,,2025-12-01 00:00:00,E003_OUT_OF_RANGE
INV-20251231-00412,2025-12-31 00:00:00,50,227,189,-14,11,19,2025-11-30 00:00:00,2025-12-24 00:00:00,E003_OUT_OF_RANGE
INV-20251231-00436,2025-12-31 00:00:00,79,291,10 units,4,12,33,2025-12-28 00:00:00,2025-12-02 00:00:00,E002_BAD_TYPE
INV-20251231-00441,2025-12-31 00:00:00,79,50,71,5,24,47,,2025-12-02 00:00:00,E004_FK_VIOLATION
INV-20251231-00452,2025-12-31 00:00:00,79,240,10 units,0,18,53,,2025-12-12 00:00:00,E002_BAD_TYPE
INV-20251231-00456,2025-12-31 00:00:00,79,127,-8,3,19,57,2025-12-18 00:00:00,,E003_OUT_OF_RANGE
INV-20251231-00463,2025-12-31 00:00:00,10,279,17,15,5,15,2025-11-26 00:00:00,2025-12-25 00:00:00,E004_FK_VIOLATION
INV-20251231-00464,2025-12-31 00:00:00,10,189,8,4,20,56,2025-11-22 00:00:00,2025-12-20 00:00:00,E004_FK_VIOLATION
INV-20251231-00465,2025-12-31 00:00:00,10,211,5,1,16,44,2025-11-30 00:00:00,2025-12-24 00:00:00,E004_FK_VIOLATION
INV-20251231-00467,2025-12-31 00:00:00,10,266,18,-1,13,20,2025-12-12 00:00:00,,E003_OUT_OF_RANGE
INV-20251231-00496,2025-12-31 00:00:00,10,50,7,9,20,77,2025-12-19 00:00:00,2025-12-05 00:00:00,E004_FK_VIOLATION
INV-20251231-00527,2025-12-31 00:00:00,16,211,138,41,5,8,,2025-12-03 00:00:00,E004_FK_VIOLATION
INV-20251231-00529,2025-12-31 00:00:00,16,98,10 units,7,17,67,2025-12-16 00:00:00,2025-12-02 00:00:00,E002_BAD_TYPE
INV-20251231-00533,2025-12-31 00:00:00,16,297,-19,140,17,58,2025-11-22 00:00:00,2025-12-31 00:00:00,E003_OUT_OF_RANGE
INV-20251231-00535,2025-12-31 00:00:00,16,152,-14,11,7,23,2025-12-23 00:00:00,2025-12-27 00:00:00,E003_OUT_OF_RANGE
INV-20251231-00540,2025-12-31 00:00:00,16,322,48,7,25,83,2025-11-19 00:00:00,2025-12-10 00:00:00,E004_FK_VIOLATION
INV-20251231-00556,2025-12-31 00:00:00,16,27,9,9,23,45,,2025-12-09 00:00:00,E004_FK_VIOLATION
INV-20251231-00564,2025-12-31 00:00:00,16,209,249,8,15,58,,2025-12-11 00:00:00,E004_FK_VIOLATION
INV-20251231-00587,2025-12-31 00:00:00,88,7,0,10,17,27,2025-12-03 00:00:00,2025-12-06 00:00:00,E004_FK_VIOLATION
INV-20251231-00600,2025-12-31 00:00:00,55,77,0,10,10,21,2025-12-29 00:00:00,2025-12-02 00:00:00,E004_FK_VIOLATION
INV-20260131-00611,2026-01-31 00:00:00,67,207,-19,4,11,37,,2026-01-31 00:00:00,E003_OUT_OF_RANGE
INV-20260131-00623,2026-01-31 00:00:00,67,126,10 units,9,9,17,2026-01-12 00:00:00,2026-01-14 00:00:00,E002_BAD_TYPE
INV-20260131-00635,,14,217,16,3,9,24,2026-01-14,2026-01-12,E001_MISSING_REQUIRED
INV-20260131-00644,2026-01-31 00:00:00,14,189,79,7,11,34,,2026-01-13 00:00:00,E004_FK_VIOLATION
INV-20260131-00650,2026/01/31,14,32,8,3,19,32,2026-01-18 00:00:00,,E002_BAD_TYPE
INV-20260131-00655,2026-01-31 00:00:00,14,77,13,8,7,15,2026-01-10 00:00:00,2026-01-26 00:00:00,E004_FK_VIOLATION
INV-20260131-00679,2026-01-31 00:00:00,49,173,10 units,0,17,54,2025-12-30 00:00:00,2026-01-12 00:00:00,E002_BAD_TYPE
INV-20260131-00692,,49,304,185,8,7,14,2026-01-11,2026-01-21,E001_MISSING_REQUIRED
INV-20260131-00701,2026-01-31 00:00:00,49,339,46,2,7,22,,2026-01-29 00:00:00,E004_FK_VIOLATION
INV-20260131-00703,2026-01-31 00:00:00,49,327,10,-20,7,11,2026-01-08 00:00:00,2026-01-21 00:00:00,E003_OUT_OF_RANGE
INV-20260131-00705,2026-01-31 00:00:00,49,56,64,-16,19,63,2026-01-04 00:00:00,2026-01-11 00:00:00,E003_OUT_OF_RANGE
INV-20260131-00720,2026-01-31 00:00:00,36,175,-8,2,10,34,2025-12-28 00:00:00,2026-02-06 00:00:00,E003_OUT_OF_RANGE
INV-20260131-00725,2026-01-31 00:00:00,36,189,54,2,17,59,,2026-01-21 00:00:00,E004_FK_VIOLATION
INV-20260131-00744,2026-01-31 00:00:00,36,160,10 units,9,14,32,2026-01-02 00:00:00,2026-01-09 00:00:00,E002_BAD_TYPE
INV-20260131-00746,,36,80,0,9,9,31,2025-12-24,2026-02-03,E001_MISSING_REQUIRED
INV-20260131-00755,2026-01-31 00:00:00,60,211,19,41,20,60,2026-01-03 00:00:00,2026-01-09 00:00:00,E004_FK_VIOLATION
INV-20260131-00765,2026-01-31 00:00:00,60,87,14,-15,17,56,2026-01-30 00:00:00,2026-01-10 00:00:00,E003_OUT_OF_RANGE
INV-20260131-00773,2026-01-31 00:00:00,60,77,16,5,7,27,2026-01-13 00:00:00,2026-01-31 00:00:00,E004_FK_VIOLATION
INV-20260131-00780,2026-01-31 00:00:00,12,211,12,1,11,28,2025-12-18 00:00:00,2026-01-10 00:00:00,E004_FK_VIOLATION
INV-20260131-00782,2026-01-31 00:00:00,81,151,70,4,5,11,2026-01-05 00:00:00,2026-01-01 00:00:00,E004_FK_VIOLATION
INV-20260131-00796,2026-01-31 00:00:00,12,304,-15,65,6,21,,2026-01-29 00:00:00,E003_OUT_OF_RANGE
INV-20260131-00809,2026-01-31 00:00:00,12,314,60,-5,16,27,2025-12-22 00:00:00,2026-01-10 00:00:00,E003_OUT_OF_RANGE
INV-20260131-00813,2026/01/31,70,222,52,7,13,26,2026-01-05 00:00:00,2026-01-17 00:00:00,E002_BAD_TYPE
INV-20260131-00816,2026-01-31 00:00:00,70,70,-17,3,6,16,2026-01-03 00:00:00,2026-01-31 00:00:00,E003_OUT_OF_RANGE
INV-20260131-00847,2026-01-31 00:00:00,27,22,69,-6,36,112,2026-01-04 00:00:00,2026-01-18 00:00:00,E003_OUT_OF_RANGE
INV-20260131-00849,,27,211,4,0,6,17,2025-12-28,2026-01-04,E001_MISSING_REQUIRED
INV-20260131-00857,2026-01-31 00:00:00,27,303,113,-14,9,19,2026-01-13 00:00:00,2026-01-18 00:00:00,E003_OUT_OF_RANGE
INV-20260131-00863,2026-01-31 00:00:00,27,77,36,48,7,24,2026-01-26 00:00:00,2026-01-16 00:00:00,E004_FK_VIOLATION
INV-20260131-00868,,27,230,12,50,7,15,2025-12-18,2026-02-10,E001_MISSING_REQUIRED
INV-20260131-00872,,27,89,44,3,19,47,,2026-01-20,E001_MISSING_REQUIRED
INV-20260131-00879,2026-01-31 00:00:00,5,211,12,5,17,53,2026-01-20 00:00:00,2026-01-12 00:00:00,E004_FK_VIOLATION
INV-20260131-00892,2026-01-31 00:00:00,5,29,12,-17,18,54,2026-01-25 00:00:00,2026-01-12 00:00:00,E003_OUT_OF_RANGE
