inventory_id,snapshot_date,dealer_id,product_id,on_hand_qty,on_order_qty,reorder_point,reorder_qty,last_restock_date,last_sale_date
INV-20251130-00002,2025-11-30 00:00:00,40,23,215,18,17,30,2025-11-15 00:00:00,2025-11-12 00:00:00
INV-20251130-00003,2025-11-30 00:00:00,40,223,73,10,18,31,2025-10-30 00:00:00,2025-11-23 00:00:00
INV-20251130-00006,2025-11-30 00:00:00,40,305,33,8,5,18,2025-10-24 00:00:00,2025-11-28 00:00:00
INV-20251130-00007,2025-11-30 00:00:00,40,222,12,3,14,24,2025-11-23 00:00:00,2025-11-27 00:00:00
INV-20251130-00009,2025-11-30 00:00:00,40,246,10,5,17,60,2025-10-17 00:00:00,2025-11-24 00:00:00
INV-20251130-00010,2025-11-30 00:00:00,40,178,12,37,12,45,2025-11-01 00:00:00,2025-11-26 00:00:00
INV-20251130-00011,2025-11-30 00:00:00,40,131,34,28,7,27,2025-11-03 00:00:00,2025-11-06 00:00:00
INV-20251130-00014,2025-11-30 00:00:00,40,174,36,5,6,15,2025-10-29 00:00:00,2025-11-15 00:00:00
INV-20251130-00016,2025-11-30 00:00:00,40,161,35,1,16,43,2025-10-21 00:00:00,2025-11-01 00:00:00
INV-20251130-00019,2025-11-30 00:00:00,40,141,17,5,7,15,2025-11-12 00:00:00,2025-11-28 00:00:00
INV-20251130-00021,2025-11-30 00:00:00,40,92,22,20,16,26,2025-10-22 00:00:00,2025-11-27 00:00:00
INV-20251130-00024,2025-11-30 00:00:00,40,146,38,1,18,38,2025-10-26 00:00:00,2025-11-07 00:00:00
INV-20251130-00025,2025-11-30 00:00:00,40,87,20,7,6,17,2025-11-30 00:00:00,2025-11-13 00:00:00
INV-20251130-00026,2025-11-30 00:00:00,40,276,14,27,15,47,2025-10-28 00:00:00,2025-11-18 00:00:00
INV-20251130-00027,2025-11-30 00:00:00,40,208,17,9,12,29,2025-11-10 00:00:00,2025-11-28 00:00:00
INV-20251130-00030,2025-11-30 00:00:00,40,212,71,2,12,24,2025-10-30 00:00:00,2025-11-10 00:00:00
INV-20251130-00031,2025-11-30 00:00:00,40,183,17,9,10,37,2025-11-21 00:00:00,2025-11-14 00:00:00
INV-20251130-00032,2025-11-30 00:00:00,40,96,9,46,17,53,2025-11-09 00:00:00,2025-11-11 00:00:00
INV-20251130-00038,2025-11-30 00:00:00,40,261,36,2,20,42,2025-11-24 00:00:00,2025-11-09 00:00:00
INV-20251130-00039,2025-11-30 00:00:00,40,58,12,6,15,40,2025-11-06 00:00:00,2025-11-17 00:00:00
INV-20251130-00042,2025-11-30 00:00:00,40,106,14,199,12,20,2025-11-18 00:00:00,2025-11-20 00:00:00
INV-20251130-00043,2025-11-30 00:00:00,40,36,56,2,22,54,2025-10-28 00:00:00,2025-11-14 00:00:00
INV-20251130-00044,2025-11-30 00:00:00,40,78,40,8,18,49,2025-11-02 00:00:00,2025-11-03 00:00:00
INV-20251130-00046,2025-11-30 00:00:00,40,209,56,9,7,26,2025-10-20 00:00:00,2025-11-26 00:00:00
INV-20251130-00047,2025-11-30 00:00:00,19,83,5,5,5,12,2025-11-03 00:00:00,2025-11-23 00:00:00
INV-20251130-00048,2025-11-30 00:00:00,19,230,39,7,12,32,2025-11-25 00:00:00,2025-11-01 00:00:00
INV-20251130-00049,2025-11-30 00:00:00,19,259,45,1,18,63,2025-10-29 00:00:00,2025-11-12 00:00:00
INV-20251130-00051,2025-11-30 00:00:00,19,74,16,4,18,62,2025-10-31 00:00:00,2025-11-21 00:00:00
INV-20251130-00052,2025-11-30 00:00:00,19,265,1,10,19,53,2025-10-25 00:00:00,2025-11-08 00:00:00
INV-20251130-00054,2025-11-30 00:00:00,19,312,175,3,10,37,2025-10-29 00:00:00,2025-11-21 00:00:00
INV-20251130-00056,2025-11-30 00:00:00,19,42,50,7,32,113,2025-11-15 00:00:00,2025-11-06 00:00:00
INV-20251130-00059,2025-11-30 00:00:00,19,17,5,1,24,94,2025-10-28 00:00:00,2025-11-04 00:00:00
INV-20251130-00060,2025-11-30 00:00:00,19,88,150,3,9,30,2025-11-26 00:00:00,2025-11-05 00:00:00
INV-20251130-00061,2025-11-30 00:00:00,19,163,9,1,15,54,2025-10-28 00:00:00,2025-11-07 00:00:00
INV-20251130-00064,2025-11-30 00:00:00,19,66,7,19,14,31,2025-10-31 00:00:00,2025-11-19 00:00:00
INV-20251130-00065,2025-11-30 00:00:00,19,20,51,17,36,79,2025-10-16 00:00:00,2025-11-13 00:00:00
INV-20251130-00067,2025-11-30 00:00:00,19,120,24,2,13,24,2025-11-29 00:00:00,2025-10-31 00:00:00
INV-20251130-00068,2025-11-30 00:00:00,19,26,11,8,39,85,2025-11-11 00:00:00,2025-11-12 00:00:00
INV-20251130-00070,2025-11-30 00:00:00,19,23,11,10,39,73,2025-11-09 00:00:00,2025-11-07 00:00:00
INV-20251130-00071,2025-11-30 00:00:00,19,46,14,6,34,103,2025-11-12 00:00:00,2025-11-26 00:00:00
INV-20251130-00074,2025-11-30 00:00:00,19,131,23,47,15,32,2025-10-27 00:00:00,2025-11-23 00:00:00
INV-20251130-00075,2025-11-30 00:00:00,19,137,16,3,20,35,2025-11-02 00:00:00,2025-11-11 00:00:00
INV-20251130-00076,2025-11-30 00:00:00,19,248,19,10,11,41,2025-11-05 00:00:00,2025-11-19 00:00:00
INV-20251130-00078,2025-11-30 00:00:00,19,240,52,1,15,40,2025-11-25 00:00:00,2025-11-08 00:00:00
INV-20251130-00079,2025-11-30 00:00:00,19,197,15,7,14,23,2025-10-21 00:00:00,2025-11-30 00:00:00
INV-20251130-00081,2025-11-30 00:00:00,19,205,4,31,13,30,2025-11-27 00:00:00,2025-11-28 00:00:00
INV-20251130-00082,2025-11-30 00:00:00,19,194,19,9,19,63,2025-10-29 00:00:00,2025-11-13 00:00:00
INV-20251130-00086,2025-11-30 00:00:00,19,126,103,5,12,37,2025-10-20 00:00:00,2025-11-24 00:00:00
INV-20251130-00087,2025-11-30 00:00:00,35,171,13,3,10,18,2025-10-21 00:00:00,2025-11-19 00:00:00
INV-20251130-00088,2025-11-30 00:00:00,35,247,35,2,14,46,2025-11-19 00:00:00,2025-11-07 00:00:00
INV-20251130-00089,2025-11-30 00:00:00,35,125,66,4,10,34,2025-11-16 00:00:00,2025-11-26 00:00:00
INV-20251130-00090,2025-11-30 00:00:00,35,57,149,9,26,78,2025-11-17 00:00:00,2025-11-27 00:00:00
INV-20251130-00091,2025-11-30 00:00:00,35,257,205,15,13,32,2025-11-25 00:00:00,2025-11-08 00:00:00
INV-20251130-00094,2025-11-30 00:00:00,35,41,20,33,36,139,2025-11-22 00:00:00,2025-11-24 00:00:00
INV-20251130-00096,2025-11-30 00:00:00,35,43,9,3,28,71,2025-11-18 00:00:00,2025-11-22 00:00:00
INV-20251130-00099,2025-11-30 00:00:00,35,224,79,48,20,35,2025-11-06 00:00:00,2025-11-30 00:00:00
INV-20251130-00100,2025-11-30 00:00:00,35,198,14,19,10,39,2025-10-22 00:00:00,2025-11-04 00:00:00
INV-20251130-00101,2025-11-30 00:00:00,35,169,66,10,10,17,2025-11-12 00:00:00,2025-11-24 00:00:00
INV-20251130-00103,2025-11-30 00:00:00,35,264,11,5,13,51,2025-11-30 00:00:00,2025-11-10 00:00:00
INV-20251130-00105,2025-11-30 00:00:00,35,51,9,18,24,94,2025-11-13 00:00:00,2025-11-03 00:00:00
INV-20251130-00107,2025-11-30 00:00:00,35,256,10,2,5,17,2025-11-05 00:00:00,2025-11-08 00:00:00
INV-20251130-00109,2025-11-30 00:00:00,35,225,35,21,11,20,2025-11-13 00:00:00,2025-11-23 00:00:00
INV-20251130-00110,2025-11-30 00:00:00,35,92,3,10,9,33,2025-11-29 00:00:00,2025-11-03 00:00:00
INV-20251130-00111,2025-11-30 00:00:00,35,3,103,1,19,73,2025-10-17 00:00:00,2025-11-05 00:00:00
INV-20251130-00112,2025-11-30 00:00:00,35,140,18,4,5,8,2025-11-02 00:00:00,2025-11-13 00:00:00
INV-20251130-00113,2025-11-30 00:00:00,35,249,4,37,17,32,2025-11-26 00:00:00,2025-11-20 00:00:00
INV-20251130-00114,2025-11-30 00:00:00,35,56,8,4,37,98,2025-11-03 00:00:00,2025-11-26 00:00:00
INV-20251130-00117,2025-11-30 00:00:00,35,12,3,9,39,88,2025-11-18 00:00:00,2025-11-13 00:00:00
INV-20251130-00118,2025-11-30 00:00:00,35,110,71,2,10,16,2025-11-15 00:00:00,2025-11-12 00:00:00
INV-20251130-00119,2025-11-30 00:00:00,35,153,66,26,13,49,2025-10-26 00:00:00,2025-11-14 00:00:00
INV-20251130-00120,2025-11-30 00:00:00,35,91,15,2,10,19,2025-11-04 00:00:00,2025-11-23 00:00:00
INV-20251130-00125,2025-11-30 00:00:00,35,130,1,9,17,31,2025-10-27 00:00:00,2025-11-25 00:00:00
INV-20251130-00126,2025-11-30 00:00:00,35,77,23,194,15,37,2025-11-19 00:00:00,2025-11-02 00:00:00
INV-20251130-00128,2025-11-30 00:00:00,35,159,63,193,11,44,2025-11-22 00:00:00,2025-11-12 00:00:00
INV-20251130-00129,2025-11-30 00:00:00,35,156,16,29,14,30,2025-11-30 00:00:00,2025-11-20 00:00:00
INV-20251130-00130,2025-11-30 00:00:00,35,152,12,2,12,40,2025-11-02 00:00:00,2025-11-27 00:00:00
INV-20251130-00134,2025-11-30 00:00:00,35,254,19,19,7,22,2025-10-29 00:00:00,2025-11-01 00:00:00
INV-20251130-00135,2025-11-30 00:00:00,35,97,1,22,18,50,2025-11-11 00:00:00,2025-11-26 00:00:00
INV-20251130-00136,2025-11-30 00:00:00,35,320,9,174,11,34,2025-11-27 00:00:00,2025-11-15 00:00:00
INV-20251130-00137,2025-11-30 00:00:00,35,267,16,3,7,18,2025-11-07 00:00:00,2025-11-01 00:00:00
INV-20251130-00138,2025-11-30 00:00:00,35,64,39,7,38,93,2025-11-20 00:00:00,2025-11-12 00:00:00
INV-20251130-00139,2025-11-30 00:00:00,35,291,5,172,8,15,2025-11-16 00:00:00,2025-11-20 00:00:00
INV-20251130-00140,2025-11-30 00:00:00,35,82,20,6,13,27,2025-11-16 00:00:00,2025-11-16 00:00:00
INV-20251130-00142,2025-11-30 00:00:00,35,73,10,4,14,31,2025-10-22 00:00:00,2025-11-03 00:00:00
INV-20251130-00143,2025-11-30 00:00:00,35,207,40,1,10,29,2025-11-04 00:00:00,2025-11-27 00:00:00
INV-20251130-00148,2025-11-30 00:00:00,11,292,132,12,18,48,2025-10-30 00:00:00,2025-11-19 00:00:00
INV-20251130-00150,2025-11-30 00:00:00,11,171,14,4,17,34,2025-11-18 00:00:00,2025-11-02 00:00:00
INV-20251130-00152,2025-11-30 00:00:00,11,40,37,2,29,93,2025-10-24 00:00:00,2025-11-27 00:00:00
INV-20251130-00153,2025-11-30 00:00:00,11,205,5,8,10,26,2025-10-21 00:00:00,2025-11-08 00:00:00
INV-20251130-00154,2025-11-30 00:00:00,11,115,33,10,16,31,2025-11-08 00:00:00,2025-11-23 00:00:00
INV-20251130-00155,2025-11-30 00:00:00,11,52,4,1,30,97,2025-10-18 00:00:00,2025-11-01 00:00:00
INV-20251130-00156,2025-11-30 00:00:00,11,219,20,73,17,39,2025-11-12 00:00:00,2025-11-14 00:00:00
INV-20251130-00157,2025-11-30 00:00:00,11,176,46,1,12,27,2025-10-25 00:00:00,2025-11-06 00:00:00
INV-20251130-00160,2025-11-30 00:00:00,11,73,42,5,15,23,2025-11-22 00:00:00,2025-11-05 00:00:00
INV-20251130-00161,2025-11-30 00:00:00,11,274,7,111,15,55,2025-11-28 00:00:00,2025-11-01 00:00:00
INV-20251130-00162,2025-11-30 00:00:00,11,122,10,194,7,23,2025-11-17 00:00:00,2025-11-04 00:00:00
INV-20251130-00163,2025-11-30 00:00:00,11,136,14,6,18,33,2025-11-11 00:00:00,2025-12-01 00:00:00
INV-20251130-00164,2025-11-30 00:00:00,11,14,31,3,16,26,2025-11-13 00:00:00,2025-11-11 00:00:00
INV-20251130-00165,2025-11-30 00:00:00,11,107,26,3,20,41,2025-10-26 00:00:00,2025-11-15 00:00:00
INV-20251130-00166,2025-11-30 00:00:00,11,139,229,2,13,51,2025-11-27 00:00:00,2025-11-06 00:00:00
INV-20251130-00168,2025-11-30 00:00:00,11,110,18,10,10,19,2025-11-28 00:00:00,2025-11-15 00:00:00
INV-20251130-00169,2025-11-30 00:00:00,11,288,57,6,11,25,2025-11-12 00:00:00,2025-11-30 00:00:00
INV-20251130-00171,2025-11-30 00:00:00,11,9,2,46,20,51,2025-11-03 00:00:00,2025-11-29 00:00:00
INV-20251130-00173,2025-11-30 00:00:00,11,311,73,3,18,46,2025-11-08 00:00:00,2025-11-03 00:00:00
INV-20251130-00175,2025-11-30 00:00:00,11,218,6,6,12,19,2025-11-02 00:00:00,2025-11-03 00:00:00
INV-20251130-00176,2025-11-30 00:00:00,11,43,33,3,32,72,2025-11-28 00:00:00,2025-11-07 00:00:00
INV-20251130-00178,2025-11-30 00:00:00,11,162,13,27,12,40,2025-10-30 00:00:00,2025-12-14 00:00:00
INV-20251130-00180,2025-11-30 00:00:00,11,232,74,41,13,40,2025-11-12 00:00:00,2025-11-23 00:00:00
INV-20251130-00181,2025-11-30 00:00:00,11,103,43,46,19,43,2025-10-28 00:00:00,2025-11-28 00:00:00
INV-20251130-00183,2025-11-30 00:00:00,11,87,33,10,14,43,2025-11-04 00:00:00,2025-10-31 00:00:00
INV-20251130-00184,2025-11-30 00:00:00,11,117,103,6,7,16,2025-11-16 00:00:00,2025-11-17 00:00:00
INV-20251130-00185,2025-11-30 00:00:00,11,80,38,14,15,41,2025-11-16 00:00:00,2025-11-14 00:00:00
INV-20251130-00186,2025-11-30 00:00:00,11,315,100,9,10,18,2025-11-04 00:00:00,2025-11-11 00:00:00
INV-20251130-00187,2025-11-30 00:00:00,11,235,2,32,16,25,2025-11-18 00:00:00,2025-11-07 00:00:00
INV-20251130-00188,2025-11-30 00:00:00,11,132,2,4,14,53,2025-11-25 00:00:00,2025-11-16 00:00:00
INV-20251130-00190,2025-11-30 00:00:00,11,86,16,10,13,23,2025-11-27 00:00:00,2025-11-18 00:00:00
INV-20251130-00191,2025-11-30 00:00:00,11,3,19,36,32,98,2025-11-27 00:00:00,2025-11-07 00:00:00
INV-20251130-00194,2025-11-30 00:00:00,11,97,5,26,19,44,2025-11-17 00:00:00,2025-11-28 00:00:00
INV-20251130-00195,2025-11-30 00:00:00,11,134,5,1,10,18,2025-10-18 00:00:00,2025-11-24 00:00:00
INV-20251130-00197,2025-11-30 00:00:00,11,246,75,18,10,22,2025-10-18 00:00:00,2025-11-03 00:00:00
INV-20251130-00198,2025-11-30 00:00:00,51,311,6,36,7,15,2025-11-27 00:00:00,2025-10-31 00:00:00
INV-20251130-00200,2025-11-30 00:00:00,51,117,3,1,14,54,2025-10-21 00:00:00,2025-11-11 00:00:00
INV-20251130-00201,2025-11-30 00:00:00,51,1,13,5,33,129,2025-10-20 00:00:00,2025-11-11 00:00:00
INV-20251130-00202,2025-11-30 00:00:00,51,188,16,20,5,8,2025-11-23 00:00:00,2025-11-13 00:00:00
INV-20251130-00207,2025-11-30 00:00:00,51,79,37,2,5,14,2025-11-20 00:00:00,2025-11-28 00:00:00
INV-20251130-00208,2025-11-30 00:00:00,51,219,16,4,9,30,2025-10-31 00:00:00,2025-11-22 00:00:00
INV-20251130-00209,2025-11-30 00:00:00,51,9,6,37,17,49,2025-11-10 00:00:00,2025-11-26 00:00:00
INV-20251130-00211,2025-11-30 00:00:00,51,243,16,31,15,46,2025-10-24 00:00:00,2025-11-25 00:00:00
INV-20251130-00213,2025-11-30 00:00:00,51,43,4,8,29,78,2025-11-07 00:00:00,2025-11-07 00:00:00
INV-20251130-00221,2025-11-30 00:00:00,51,55,16,2,40,96,2025-11-20 00:00:00,2025-11-28 00:00:00
INV-20251130-00222,2025-11-30 00:00:00,51,245,14,7,11,37,2025-11-14 00:00:00,2025-11-11 00:00:00
INV-20251130-00223,2025-11-30 00:00:00,51,12,70,36,30,105,2025-11-15 00:00:00,2025-11-19 00:00:00
INV-20251130-00224,2025-11-30 00:00:00,51,224,31,1,14,54,2025-10-27 00:00:00,2025-11-05 00:00:00
INV-20251130-00225,2025-11-30 00:00:00,51,105,8,2,19,69,2025-11-01 00:00:00,2025-10-31 00:00:00
INV-20251130-00226,2025-11-30 00:00:00,51,238,7,38,18,57,2025-11-29 00:00:00,2025-11-16 00:00:00
INV-20251130-00230,2025-11-30 00:00:00,51,228,42,28,10,36,2025-10-18 00:00:00,2025-11-04 00:00:00
INV-20251130-00231,2025-11-30 00:00:00,51,51,12,2,19,69,2025-11-30 00:00:00,2025-11-17 00:00:00
INV-20251130-00232,2025-11-30 00:00:00,51,103,13,5,12,26,2025-11-22 00:00:00,2025-11-06 00:00:00
INV-20251130-00233,2025-11-30 00:00:00,51,295,144,31,14,29,2025-10-25 00:00:00,2025-11-17 00:00:00
INV-20251130-00234,2025-11-30 00:00:00,51,127,19,37,15,23,2025-11-05 00:00:00,2025-11-14 00:00:00
INV-20251130-00236,2025-11-30 00:00:00,51,191,70,3,12,28,2025-11-19 00:00:00,2025-11-26 00:00:00
INV-20251130-00237,2025-11-30 00:00:00,51,284,70,6,16,43,2025-11-26 00:00:00,2025-11-20 00:00:00
INV-20251130-00238,2025-11-30 00:00:00,51,195,14,14,9,21,2025-11-28 00:00:00,2025-11-06 00:00:00
INV-20251130-00239,2025-11-30 00:00:00,51,90,64,1,13,36,2025-11-15 00:00:00,2025-11-05 00:00:00
INV-20251130-00245,2025-11-30 00:00:00,51,20,11,20,37,139,2025-11-16 00:00:00,2025-11-14 00:00:00
INV-20251130-00246,2025-11-30 00:00:00,51,71,13,2,7,18,2025-11-13 00:00:00,2025-11-09 00:00:00
INV-20251130-00249,2025-11-30 00:00:00,51,154,19,3,11,20,2025-10-23 00:00:00,2025-11-14 00:00:00
INV-20251130-00250,2025-11-30 00:00:00,51,13,49,4,16,52,2025-10-22 00:00:00,2025-11-15 00:00:00
INV-20251130-00252,2025-11-30 00:00:00,51,64,11,3,28,42,2025-11-09 00:00:00,2025-11-17 00:00:00
INV-20251130-00253,2025-11-30 00:00:00,46,80,9,49,16,42,2025-11-19 00:00:00,2025-11-22 00:00:00
INV-20251130-00254,2025-11-30 00:00:00,46,136,19,9,10,34,2025-11-01 00:00:00,2025-11-22 00:00:00
INV-20251130-00255,2025-11-30 00:00:00,46,295,67,3,16,26,2025-10-25 00:00:00,2025-11-05 00:00:00
INV-20251130-00256,2025-11-30 00:00:00,46,210,26,11,8,31,2025-11-02 00:00:00,2025-11-29 00:00:00
INV-20251130-00257,2025-11-30 00:00:00,46,205,56,5,20,69,2025-11-02 00:00:00,2025-11-01 00:00:00
INV-20251130-00258,2025-11-30 00:00:00,46,227,224,8,14,39,2025-11-10 00:00:00,2025-11-06 00:00:00
INV-20251130-00261,2025-11-30 00:00:00,46,26,15,45,36,105,2025-11-26 00:00:00,2025-11-29 00:00:00
INV-20251130-00265,2025-11-30 00:00:00,46,76,30,84,15,54,2025-11-10 00:00:00,2025-11-16 00:00:00
INV-20251130-00266,2025-11-30 00:00:00,46,175,24,7,8,13,2025-10-21 00:00:00,2025-11-24 00:00:00
INV-20251130-00267,2025-11-30 00:00:00,46,17,225,11,17,31,2025-11-19 00:00:00,2025-10-31 00:00:00
INV-20251130-00269,2025-11-30 00:00:00,46,253,49,54,19,41,2025-11-04 00:00:00,2025-11-15 00:00:00
INV-20251130-00270,2025-11-30 00:00:00,46,242,9,3,16,42,2025-10-26 00:00:00,2025-12-08 00:00:00
INV-20251130-00271,2025-11-30 00:00:00,46,10,62,37,39,145,2025-11-19 00:00:00,2025-11-09 00:00:00
INV-20251130-00273,2025-11-30 00:00:00,46,70,7,30,16,59,2025-11-18 00:00:00,2025-11-06 00:00:00
INV-20251130-00274,2025-11-30 00:00:00,46,246,14,10,15,60,2025-11-10 00:00:00,2025-11-04 00:00:00
INV-20251130-00275,2025-11-30 00:00:00,46,159,7,1,7,13,2025-11-08 00:00:00,2025-11-27 00:00:00
INV-20251130-00277,2025-11-30 00:00:00,46,116,13,3,14,45,2025-10-18 00:00:00,2025-11-12 00:00:00
INV-20251130-00279,2025-11-30 00:00:00,46,94,35,7,6,15,2025-10-29 00:00:00,2025-11-10 00:00:00
INV-20251130-00280,2025-11-30 00:00:00,46,92,6,4,9,15,2025-11-20 00:00:00,2025-11-21 00:00:00
INV-20251130-00282,2025-11-30 00:00:00,46,216,62,42,5,11,2025-11-27 00:00:00,2025-11-04 00:00:00
INV-20251130-00283,2025-11-30 00:00:00,46,13,15,9,40,77,2025-11-28 00:00:00,2025-11-06 00:00:00
INV-20251130-00284,2025-11-30 00:00:00,46,34,52,4,28,49,2025-11-29 00:00:00,2025-11-15 00:00:00
INV-20251130-00286,2025-11-30 00:00:00,46,272,11,10,19,48,2025-11-30 00:00:00,2025-11-16 00:00:00
INV-20251130-00287,2025-11-30 00:00:00,46,87,6,86,16,55,2025-10-27 00:00:00,2025-11-24 00:00:00
INV-20251130-00288,2025-11-30 00:00:00,46,90,69,10,7,28,2025-10-21 00:00:00,2025-11-11 00:00:00
INV-20251130-00290,2025-11-30 00:00:00,46,30,50,21,40,92,2025-10-21 00:00:00,2025-11-04 00:00:00
INV-20251130-00291,2025-11-30 00:00:00,46,222,5,35,17,45,2025-11-02 00:00:00,2025-11-19 00:00:00
INV-20251130-00293,2025-11-30 00:00:00,46,251,117,1,15,23,2025-10-22 00:00:00,2025-11-17 00:00:00
INV-20251130-00294,2025-11-30 00:00:00,46,187,16,3,9,29,2025-11-07 00:00:00,2025-11-28 00:00:00
INV-20251130-00295,2025-11-30 00:00:00,46,168,17,3,20,31,2025-10-27 00:00:00,2025-11-29 00:00:00
INV-20251130-00296,2025-11-30 00:00:00,46,123,42,8,14,42,2025-11-02 00:00:00,2025-11-08 00:00:00
INV-20251130-00297,2025-11-30 00:00:00,46,303,15,26,10,37,2025-10-16 00:00:00,2025-11-10 00:00:00
INV-20251130-00300,2025-11-30 00:00:00,46,65,79,3,9,30,2025-11-10 00:00:00,2025-11-09 00:00:00
INV-20251231-00301,2025-12-31 00:00:00,18,301,9,8,16,43,2025-12-28 00:00:00,2025-12-03 00:00:00
INV-20251231-00303,2025-12-31 00:00:00,18,236,4,7,8,25,2025-12-11 00:00:00,2025-12-29 00:00:00
INV-20251231-00304,2025-12-31 00:00:00,18,231,122,7,5,18,2025-11-29 00:00:00,2025-12-02 00:00:00
INV-20251231-00305,2025-12-31 00:00:00,18,250,65,4,20,37,2025-12-29 00:00:00,2025-12-19 00:00:00
INV-20251231-00308,2025-12-31 00:00:00,18,258,5,12,20,62,2025-12-19 00:00:00,2025-12-03 00:00:00
INV-20251231-00310,2025-12-31 00:00:00,18,312,41,1,11,35,2025-12-05 00:00:00,2025-12-25 00:00:00
INV-20251231-00311,2025-12-31 00:00:00,18,12,15,12,26,49,2025-12-18 00:00:00,2025-12-30 00:00:00
INV-20251231-00312,2025-12-31 00:00:00,18,127,28,9,15,44,2025-12-23 00:00:00,2026-01-11 00:00:00
INV-20251231-00313,2025-12-31 00:00:00,18,59,198,50,25,45,2025-11-23 00:00:00,2025-12-02 00:00:00
INV-20251231-00314,2025-12-31 00:00:00,18,318,79,5,9,22,2025-12-21 00:00:00,2025-12-06 00:00:00
INV-20251231-00316,2025-12-31 00:00:00,18,134,8,7,15,35,2025-11-30 00:00:00,2025-12-15 00:00:00
INV-20251231-00317,2025-12-31 00:00:00,18,76,11,4,15,37,2025-12-31 00:00:00,2025-12-31 00:00:00
INV-20251231-00319,2025-12-31 00:00:00,18,316,12,6,20,76,2025-12-22 00:00:00,2025-12-29 00:00:00
INV-20251231-00320,2025-12-31 00:00:00,18,57,70,9,15,41,2025-12-16 00:00:00,2025-12-05 00:00:00
INV-20251231-00321,2025-12-31 00:00:00,18,95,57,7,7,12,2025-12-14 00:00:00,2025-12-14 00:00:00
INV-20251231-00323,2025-12-31 00:00:00,18,66,6,82,8,15,2025-12-24 00:00:00,2025-12-18 00:00:00
INV-20251231-00328,2025-12-31 00:00:00,18,194,3,2,14,26,2025-12-01 00:00:00,2025-12-22 00:00:00
INV-20251231-00329,2025-12-31 00:00:00,18,132,11,42,5,11,2025-12-17 00:00:00,2025-12-30 00:00:00
INV-20251231-00333,2025-12-31 00:00:00,18,103,20,3,7,13,2025-11-29 00:00:00,2025-12-03 00:00:00
INV-20251231-00334,2025-12-31 00:00:00,18,215,32,4,9,32,2025-11-16 00:00:00,2025-12-14 00:00:00
INV-20251231-00335,2025-12-31 00:00:00,57,252,15,4,10,18,2025-12-15 00:00:00,2025-12-07 00:00:00
INV-20251231-00337,2025-12-31 00:00:00,57,310,7,6,7,17,2025-12-02 00:00:00,2025-12-10 00:00:00
INV-20251231-00339,2025-12-31 00:00:00,57,46,16,8,36,134,2025-11-19 00:00:00,2025-12-09 00:00:00
INV-20251231-00340,2025-12-31 00:00:00,57,92,18,7,5,11,2025-11-22 00:00:00,2025-12-21 00:00:00
INV-20251231-00341,2025-12-31 00:00:00,57,84,17,50,8,32,2025-12-09 00:00:00,2025-12-27 00:00:00
INV-20251231-00342,2025-12-31 00:00:00,57,120,20,20,9,14,2025-12-21 00:00:00,2025-12-21 00:00:00
INV-20251231-00344,2025-12-31 00:00:00,57,168,14,41,19,66,2025-12-02 00:00:00,2025-12-23 00:00:00
INV-20251231-00345,2025-12-31 00:00:00,57,256,33,9,8,20,2025-12-01 00:00:00,2025-12-10 00:00:00
INV-20251231-00346,2025-12-31 00:00:00,57,170,27,31,19,70,2025-11-26 00:00:00,2025-12-01 00:00:00
INV-20251231-00348,2025-12-31 00:00:00,57,89,83,3,19,31,2025-12-06 00:00:00,2025-12-26 00:00:00
INV-20251231-00349,2025-12-31 00:00:00,57,43,74,50,34,89,2025-12-07 00:00:00,2025-12-20 00:00:00
INV-20251231-00350,2025-12-31 00:00:00,57,167,56,8,19,36,2025-12-05 00:00:00,2025-12-11 00:00:00
INV-20251231-00352,2025-12-31 00:00:00,57,242,13,7,14,53,2025-12-01 00:00:00,2025-12-02 00:00:00
INV-20251231-00354,2025-12-31 00:00:00,57,292,18,1,5,13,2025-12-25 00:00:00,2025-12-05 00:00:00
INV-20251231-00359,2025-12-31 00:00:00,57,192,65,3,19,43,2025-12-02 00:00:00,2025-12-28 00:00:00
INV-20251231-00360,2025-12-31 00:00:00,57,44,48,6,23,51,2025-11-22 00:00:00,2025-12-25 00:00:00
INV-20251231-00362,2025-12-31 00:00:00,57,45,164,7,15,40,2025-12-06 00:00:00,2025-12-16 00:00:00
INV-20251231-00365,2025-12-31 00:00:00,57,296,125,7,17,55,2025-11-20 00:00:00,2025-12-20 00:00:00
INV-20251231-00366,2025-12-31 00:00:00,57,86,146,24,6,22,2025-11-30 00:00:00,2025-12-22 00:00:00
INV-20251231-00368,2025-12-31 00:00:00,57,246,2,5,14,26,2025-12-12 00:00:00,2025-12-11 00:00:00
INV-20251231-00369,2025-12-31 00:00:00,57,13,17,32,26,85,2025-12-23 00:00:00,2025-12-11 00:00:00
INV-20251231-00371,2025-12-31 00:00:00,57,115,6,8,18,68,2025-12-27 00:00:00,2025-12-29 00:00:00
INV-20251231-00372,2025-12-31 00:00:00,57,30,12,7,16,56,2025-12-10 00:00:00,2026-01-13 00:00:00
INV-20251231-00375,2025-12-31 00:00:00,57,312,10,10,9,35,2025-11-25 00:00:00,2025-12-22 00:00:00
INV-20251231-00377,2025-12-31 00:00:00,57,221,43,3,13,29,2025-12-04 00:00:00,2025-12-15 00:00:00
INV-20251231-00378,2025-12-31 00:00:00,57,290,116,3,8,30,2025-11-26 00:00:00,2025-12-31 00:00:00
INV-20251231-00379,2025-12-31 00:00:00,57,287,166,6,16,29,2025-12-08 00:00:00,2025-12-07 00:00:00
INV-20251231-00380,2025-12-31 00:00:00,57,21,48,8,26,86,2025-11-27 00:00:00,2025-12-02 00:00:00
INV-20251231-00381,2025-12-31 00:00:00,57,173,1,3,5,10,2025-12-31 00:00:00,2025-12-16 00:00:00
INV-20251231-00382,2025-12-31 00:00:00,57,184,2,44,17,62,2025-11-16 00:00:00,2025-12-25 00:00:00
INV-20251231-00383,2025-12-31 00:00:00,57,53,56,9,17,39,2025-11-17 00:00:00,2025-12-12 00:00:00
INV-20251231-00384,2025-12-31 00:00:00,57,237,4,13,18,31,2025-12-14 00:00:00,2025-12-07 00:00:00
INV-20251231-00391,2025-12-31 00:00:00,50,244,12,12,8,26,2025-12-26 00:00:00,2025-12-15 00:00:00
INV-20251231-00393,2025-12-31 00:00:00,50,175,23,1,10,16,2025-12-30 00:00:00,2025-12-22 00:00:00
INV-20251231-00397,2025-12-31 00:00:00,50,251,126,5,10,28,2025-11-21 00:00:00,2025-12-01 00:00:00
INV-20251231-00398,2025-12-31 00:00:00,50,172,1,6,8,14,2025-12-19 00:00:00,2025-12-08 00:00:00
INV-20251231-00400,2025-12-31 00:00:00,50,241,58,1,10,39,2025-12-27 00:00:00,2025-12-26 00:00:00
INV-20251231-00402,2025-12-31 00:00:00,50,314,73,6,12,39,2025-12-22 00:00:00,2025-12-03 00:00:00
INV-20251231-00403,2025-12-31 00:00:00,50,225,1,7,11,37,2025-12-11 00:00:00,2025-12-27 00:00:00
INV-20251231-00405,2025-12-31 00:00:00,50,191,2,2,13,24,2025-11-23 00:00:00,2025-12-05 00:00:00
INV-20251231-00406,2025-12-31 00:00:00,50,8,17,50,17,38,2025-12-31 00:00:00,2025-12-01 00:00:00
INV-20251231-00408,2025-12-31 00:00:00,50,93,26,2,9,22,2025-12-02 00:00:00,2026-01-02 00:00:00
INV-20251231-00409,2025-12-31 00:00:00,50,248,26,5,14,23,2025-12-23 00:00:00,2025-12-10 00:00:00
INV-20251231-00410,2025-12-31 00:00:00,50,274,18,6,5,13,2025-12-20 00:00:00,2025-12-11 00:00:00
INV-20251231-00414,2025-12-31 00:00:00,50,128,14,10,8,27,2025-11-16 00:00:00,2025-12-20 00:00:00
INV-20251231-00416,2025-12-31 00:00:00,50,28,46,9,31,69,2025-12-02 00:00:00,2025-12-11 00:00:00
INV-20251231-00417,2025-12-31 00:00:00,50,148,189,50,9,34,2025-12-28 00:00:00,2025-12-22 00:00:00
INV-20251231-00418,2025-12-31 00:00:00,50,168,8,33,10,36,2025-11-17 00:00:00,2025-12-19 00:00:00
INV-20251231-00420,2025-12-31 00:00:00,50,72,128,1,7,12,2025-11-24 00:00:00,2025-12-22 00:00:00
INV-20251231-00421,2025-12-31 00:00:00,50,293,31,34,14,35,2025-11-21 00:00:00,2025-12-09 00:00:00
INV-20251231-00422,2025-12-31 00:00:00,50,11,41,19,19,64,2025-12-24 00:00:00,2025-12-21 00:00:00
INV-20251231-00423,2025-12-31 00:00:00,50,44,5,31,18,49,2025-12-13 00:00:00,2025-12-08 00:00:00
INV-20251231-00424,2025-12-31 00:00:00,50,273,10,12,19,47,2025-12-30 00:00:00,2025-12-30 00:00:00
INV-20251231-00425,2025-12-31 00:00:00,50,163,32,7,14,54,2025-12-03 00:00:00,2025-12-06 00:00:00
INV-20251231-00426,2025-12-31 00:00:00,50,34,20,91,35,109,2025-12-02 00:00:00,2025-12-15 00:00:00
INV-20251231-00427,2025-12-31 00:00:00,50,102,58,5,6,14,2025-11-26 00:00:00,2025-12-04 00:00:00
INV-20251231-00428,2025-12-31 00:00:00,50,182,162,3,20,48,2025-12-28 00:00:00,2025-12-28 00:00:00
INV-20251231-00429,2025-12-31 00:00:00,50,103,243,8,10,24,2025-11-20 00:00:00,2025-12-13 00:00:00
INV-20251231-00430,2025-12-31 00:00:00,50,121,14,1,9,25,2025-12-04 00:00:00,2025-12-05 00:00:00
INV-20251231-00432,2025-12-31 00:00:00,50,165,18,10,13,51,2025-12-29 00:00:00,2025-12-18 00:00:00
INV-20251231-00433,2025-12-31 00:00:00,50,315,31,17,17,39,2025-12-13 00:00:00,2025-12-05 00:00:00
INV-20251231-00434,2025-12-31 00:00:00,50,304,2,9,7,17,2025-11-19 00:00:00,2026-01-02 00:00:00
INV-20251231-00437,2025-12-31 00:00:00,79,231,7,4,19,50,2025-11-26 00:00:00,2025-12-09 00:00:00
INV-20251231-00438,2025-12-31 00:00:00,79,11,19,28,37,146,2025-11-16 00:00:00,2025-12-13 00:00:00
INV-20251231-00439,2025-12-31 00:00:00,79,264,14,5,16,36,2025-12-22 00:00:00,2025-12-12 00:00:00
INV-20251231-00440,2025-12-31 00:00:00,79,284,19,2,17,29,2025-12-18 00:00:00,2025-12-28 00:00:00
INV-20251231-00442,2025-12-31 00:00:00,79,51,70,10,29,66,2025-12-08 00:00:00,2025-12-08 00:00:00
INV-20251231-00443,2025-12-31 00:00:00,79,301,68,1,12,22,2025-12-31 00:00:00,2025-12-14 00:00:00
INV-20251231-00445,2025-12-31 00:00:00,79,248,15,33,15,58,2025-12-05 00:00:00,2025-12-25 00:00:00
INV-20251231-00446,2025-12-31 00:00:00,79,95,9,15,17,51,2025-11-19 00:00:00,2025-12-25 00:00:00
INV-20251231-00447,2025-12-31 00:00:00,79,140,29,9,5,20,2025-11-25 00:00:00,2025-12-21 00:00:00
INV-20251231-00448,2025-12-31 00:00:00,79,8,42,10,32,68,2025-12-20 00:00:00,2025-12-03 00:00:00
INV-20251231-00451,2025-12-31 00:00:00,79,25,4,10,29,75,2025-12-14 00:00:00,2025-12-26 00:00:00
INV-20251231-00454,2025-12-31 00:00:00,79,299,18,24,7,23,2025-11-16 00:00:00,2025-12-12 00:00:00
INV-20251231-00455,2025-12-31 00:00:00,79,199,7,38,11,32,2025-12-09 00:00:00,2025-12-15 00:00:00
INV-20251231-00457,2025-12-31 00:00:00,79,78,10,7,18,59,2025-12-02 00:00:00,2025-12-17 00:00:00
INV-20251231-00460,2025-12-31 00:00:00,79,111,76,8,19,33,2025-12-05 00:00:00,2025-12-07 00:00:00
INV-20251231-00461,2025-12-31 00:00:00,10,219,80,4,13,29,2025-11-23 00:00:00,2025-12-14 00:00:00
INV-20251231-00462,2025-12-31 00:00:00,10,195,75,4,9,19,2025-11-20 00:00:00,2025-12-15 00:00:00
INV-20251231-00463,2025-12-31 00:00:00,10,279,17,15,5,15,2025-11-26 00:00:00,2025-12-25 00:00:00
INV-20251231-00464,2025-12-31 00:00:00,10,189,8,4,20,56,2025-11-22 00:00:00,2025-12-20 00:00:00
INV-20251231-00465,2025-12-31 00:00:00,10,211,5,1,16,44,2025-11-30 00:00:00,2025-12-24 00:00:00
INV-20251231-00466,2025-12-31 00:00:00,10,280,20,8,7,20,2025-12-30 00:00:00,2025-12-04 00:00:00
INV-20251231-00468,2025-12-31 00:00:00,10,235,8,6,14,31,2025-11-28 00:00:00,2025-12-20 00:00:00
INV-20251231-00470,2025-12-31 00:00:00,10,169,68,108,8,14,2025-12-16 00:00:00,2025-12-01 00:00:00
INV-20251231-00471,2025-12-31 00:00:00,10,314,16,5,5,13,2025-11-30 00:00:00,2025-12-08 00:00:00
INV-20251231-00472,2025-12-31 00:00:00,10,165,54,7,13,47,2025-12-13 00:00:00,2025-12-09 00:00:00
INV-20251231-00473,2025-12-31 00:00:00,10,108,7,1,15,46,2025-12-14 00:00:00,2026-01-09 00:00:00
INV-20251231-00474,2025-12-31 00:00:00,10,129,174,36,8,13,2025-11-23 00:00:00,2025-12-01 00:00:00
INV-20251231-00475,2025-12-31 00:00:00,10,198,2,5,5,11,2025-12-23 00:00:00,2025-12-07 00:00:00
INV-20251231-00477,2025-12-31 00:00:00,10,44,17,7,31,81,2025-12-08 00:00:00,2025-12-10 00:00:00
INV-20251231-00479,2025-12-31 00:00:00,10,62,55,5,19,51,2025-11-29 00:00:00,2025-12-16 00:00:00
INV-20251231-00481,2025-12-31 00:00:00,10,25,3,70,17,35,2025-11-21 00:00:00,2025-12-19 00:00:00
INV-20251231-00482,2025-12-31 00:00:00,10,179,43,9,13,34,2025-12-06 00:00:00,2025-12-28 00:00:00
INV-20251231-00484,2025-12-31 00:00:00,10,33,6,1,31,70,2025-12-05 00:00:00,2025-12-16 00:00:00
INV-20251231-00485,2025-12-31 00:00:00,10,161,16,36,6,22,2025-12-16 00:00:00,2025-12-01 00:00:00
INV-20251231-00486,2025-12-31 00:00:00,10,162,59,9,9,27,2025-12-30 00:00:00,2025-12-01 00:00:00
INV-20251231-00487,2025-12-31 00:00:00,10,304,12,25,6,19,2025-12-18 00:00:00,2025-12-10 00:00:00
INV-20251231-00488,2025-12-31 00:00:00,10,95,19,8,15,46,2025-12-26 00:00:00,2025-12-30 00:00:00
INV-20251231-00490,2025-12-31 00:00:00,10,160,17,35,7,12,2025-12-27 00:00:00,2025-12-19 00:00:00
INV-20251231-00491,2025-12-31 00:00:00,10,21,7,13,25,40,2025-12-27 00:00:00,2025-12-15 00:00:00
INV-20251231-00492,2025-12-31 00:00:00,10,12,20,10,19,47,2025-12-23 00:00:00,2025-12-02 00:00:00
INV-20251231-00493,2025-12-31 00:00:00,10,259,30,9,13,28,2025-12-31 00:00:00,2025-12-06 00:00:00
INV-20251231-00494,2025-12-31 00:00:00,10,258,7,25,18,49,2025-12-06 00:00:00,2025-12-09 00:00:00
INV-20251231-00495,2025-12-31 00:00:00,10,58,41,48,24,36,2025-12-02 00:00:00,2025-12-28 00:00:00
INV-20251231-00496,2025-12-31 00:00:00,10,50,7,9,20,77,2025-12-19 00:00:00,2025-12-05 00:00:00
INV-20251231-00497,2025-12-31 00:00:00,10,36,15,9,26,41,2025-11-16 00:00:00,2025-12-14 00:00:00
INV-20251231-00499,2025-12-31 00:00:00,10,197,44,20,11,20,2025-12-08 00:00:00,2025-12-12 00:00:00
INV-20251231-00500,2025-12-31 00:00:00,10,154,14,1,16,58,2025-12-16 00:00:00,2025-12-27 00:00:00
INV-20251231-00501,2025-12-31 00:00:00,10,117,10,3,18,47,2025-11-17 00:00:00,2025-12-13 00:00:00
INV-20251231-00502,2025-12-31 00:00:00,10,294,6,3,11,28,2025-12-02 00:00:00,2025-12-05 00:00:00
INV-20251231-00503,2025-12-31 00:00:00,10,202,18,3,18,43,2025-12-08 00:00:00,2025-12-15 00:00:00
INV-20251231-00504,2025-12-31 00:00:00,10,253,16,41,19,33,2025-11-17 00:00:00,2025-12-14 00:00:00
INV-20251231-00506,2025-12-31 00:00:00,10,217,20,77,7,28,2025-12-01 00:00:00,2025-12-15 00:00:00
INV-20251231-00507,2025-12-31 00:00:00,10,303,18,43,14,52,2025-12-27 00:00:00,2025-12-01 00:00:00
INV-20251231-00508,2025-12-31 00:00:00,10,172,40,6,6,12,2025-12-15 00:00:00,2025-12-18 00:00:00
INV-20251231-00511,2025-12-31 00:00:00,16,67,2,7,9,22,2025-12-05 00:00:00,2025-12-12 00:00:00
INV-20251231-00514,2025-12-31 00:00:00,16,218,10,6,17,67,2025-12-15 00:00:00,2025-12-24 00:00:00
INV-20251231-00515,2025-12-31 00:00:00,16,191,24,25,8,17,2025-12-21 00:00:00,2025-12-26 00:00:00
INV-20251231-00517,2025-12-31 00:00:00,16,146,114,7,13,21,2025-12-06 00:00:00,2025-12-27 00:00:00
INV-20251231-00518,2025-12-31 00:00:00,16,34,11,50,23,81,2025-12-01 00:00:00,2025-12-31 00:00:00
INV-20251231-00519,2025-12-31 00:00:00,16,75,7,45,9,35,2025-12-18 00:00:00,2025-12-30 00:00:00
INV-20251231-00520,2025-12-31 00:00:00,16,177,12,41,11,29,2025-11-30 00:00:00,2025-12-21 00:00:00
INV-20251231-00521,2025-12-31 00:00:00,16,243,117,15,17,53,2025-12-29 00:00:00,2025-12-06 00:00:00
INV-20251231-00522,2025-12-31 00:00:00,16,287,18,7,15,58,2025-12-05 00:00:00,2025-12-04 00:00:00
INV-20251231-00523,2025-12-31 00:00:00,16,68,29,15,16,26,2025-12-15 00:00:00,2025-12-14 00:00:00
INV-20251231-00525,2025-12-31 00:00:00,16,46,22,5,18,35,2025-11-17 00:00:00,2025-12-03 00:00:00
INV-20251231-00526,2025-12-31 00:00:00,16,96,18,3,6,15,2025-11-18 00:00:00,2025-12-04 00:00:00
INV-20251231-00528,2025-12-31 00:00:00,16,21,4,3,20,71,2025-12-10 00:00:00,2025-12-22 00:00:00
INV-20251231-00530,2025-12-31 00:00:00,16,52,9,8,26,91,2025-12-30 00:00:00,2025-12-28 00:00:00
INV-20251231-00532,2025-12-31 00:00:00,16,93,8,71,15,33,2025-12-16 00:00:00,2025-12-28 00:00:00
INV-20251231-00534,2025-12-31 00:00:00,16,13,8,35,22,52,2025-12-23 00:00:00,2025-12-05 00:00:00
INV-20251231-00536,2025-12-31 00:00:00,16,315,40,3,16,27,2025-12-31 00:00:00,2026-01-05 00:00:00
INV-20251231-00537,2025-12-31 00:00:00,16,80,32,3,6,15,2025-12-13 00:00:00,2025-12-08 00:00:00
INV-20251231-00538,2025-12-31 00:00:00,16,257,7,88,5,20,2025-12-26 00:00:00,2025-12-01 00:00:00
INV-20251231-00541,2025-12-31 00:00:00,16,144,3,5,10,29,2025-12-28 00:00:00,2025-12-29 00:00:00
INV-20251231-00542,2025-12-31 00:00:00,16,102,4,2,6,11,2025-12-15 00:00:00,2025-12-07 00:00:00
INV-20251231-00543,2025-12-31 00:00:00,16,246,6,110,17,41,2025-12-30 00:00:00,2025-12-09 00:00:00
INV-20251231-00544,2025-12-31 00:00:00,16,299,16,32,17,28,2025-12-21 00:00:00,2025-12-25 00:00:00
INV-20251231-00545,2025-12-31 00:00:00,16,249,17,10,14,49,2025-12-20 00:00:00,2025-12-31 00:00:00
INV-20251231-00546,2025-12-31 00:00:00,16,255,17,19,18,38,2025-12-10 00:00:00,2025-12-28 00:00:00
INV-20251231-00547,2025-12-31 00:00:00,16,37,5,48,37,99,2025-12-25 00:00:00,2025-12-08 00:00:00
INV-20251231-00549,2025-12-31 00:00:00,16,119,8,3,17,46,2025-12-26 00:00:00,2025-12-17 00:00:00
INV-20251231-00551,2025-12-31 00:00:00,16,5,9,21,16,52,2025-12-30 00:00:00,2025-12-08 00:00:00
INV-20251231-00553,2025-12-31 00:00:00,16,261,141,22,13,34,2025-11-30 00:00:00,2025-12-07 00:00:00
INV-20251231-00554,2025-12-31 00:00:00,16,127,6,6,9,16,2025-12-05 00:00:00,2025-12-17 00:00:00
INV-20251231-00557,2025-12-31 00:00:00,16,242,63,5,10,30,2025-12-18 00:00:00,2025-12-18 00:00:00
INV-20251231-00559,2025-12-31 00:00:00,16,231,14,10,5,10,2025-11-22 00:00:00,2025-12-12 00:00:00
INV-20251231-00560,2025-12-31 00:00:00,16,162,58,43,6,22,2025-12-14 00:00:00,2025-12-23 00:00:00
INV-20251231-00561,2025-12-31 00:00:00,16,66,2,5,5,9,2025-12-27 00:00:00,2025-12-09 00:00:00
INV-20251231-00563,2025-12-31 00:00:00,16,183,11,1,15,53,2025-12-08 00:00:00,2025-12-13 00:00:00
INV-20251231-00565,2025-12-31 00:00:00,16,188,66,3,20,59,2025-11-26 00:00:00,2025-12-31 00:00:00
INV-20251231-00566,2025-12-31 00:00:00,16,49,162,4,37,141,2025-12-08 00:00:00,2025-12-15 00:00:00
INV-20251231-00567,2025-12-31 00:00:00,16,311,18,8,19,68,2025-11-30 00:00:00,2025-12-12 00:00:00
INV-20251231-00569,2025-12-31 00:00:00,16,263,35,3,16,29,2025-12-12 00:00:00,2025-12-09 00:00:00
INV-20251231-00571,2025-12-31 00:00:00,16,38,12,9,20,52,2025-12-25 00:00:00,2025-12-29 00:00:00
INV-20251231-00572,2025-12-31 00:00:00,16,229,12,2,19,57,2025-12-12 00:00:00,2025-12-23 00:00:00
INV-20251231-00573,2025-12-31 00:00:00,16,259,24,2,7,11,2025-11-22 00:00:00,2025-12-12 00:00:00
INV-20251231-00574,2025-12-31 00:00:00,55,301,19,7,11,42,2025-12-29 00:00:00,2025-12-10 00:00:00
INV-20251231-00576,2025-12-31 00:00:00,55,25,35,10,29,47,2025-11-27 00:00:00,2025-12-30 00:00:00
INV-20251231-00577,2025-12-31 00:00:00,55,105,7,10,19,76,2025-12-27 00:00:00,2025-12-23 00:00:00
INV-20251231-00578,2025-12-31 00:00:00,55,43,37,4,37,111,2025-12-03 00:00:00,2025-12-18 00:00:00
INV-20251231-00584,2025-12-31 00:00:00,55,61,7,1,38,77,2025-11-29 00:00:00,2025-12-26 00:00:00
INV-20251231-00585,2025-12-31 00:00:00,55,161,3,7,19,57,2025-12-19 00:00:00,2025-12-21 00:00:00
INV-20251231-00586,2025-12-31 00:00:00,55,241,6,7,9,16,2025-12-28 00:00:00,2025-12-09 00:00:00
INV-20251231-00588,2025-12-31 00:00:00,55,291,12,3,9,28,2025-11-16 00:00:00,2025-12-03 00:00:00
INV-20251231-00589,2025-12-31 00:00:00,55,193,1,13,19,68,2025-12-12 00:00:00,2025-12-19 00:00:00
INV-20251231-00590,2025-12-31 00:00:00,55,308,32,20,19,53,2025-11-26 00:00:00,2025-12-23 00:00:00
INV-20251231-00591,2025-12-31 00:00:00,55,15,3,9,39,91,2025-12-07 00:00:00,2025-12-27 00:00:00
INV-20251231-00592,2025-12-31 00:00:00,55,179,32,17,14,38,2025-12-23 00:00:00,2025-12-27 00:00:00
INV-20251231-00593,2025-12-31 00:00:00,55,296,19,28,20,63,2025-12-23 00:00:00,2025-12-01 00:00:00
INV-20251231-00595,2025-12-31 00:00:00,55,20,199,198,32,119,2025-11-19 00:00:00,2025-12-04 00:00:00
INV-20251231-00596,2025-12-31 00:00:00,55,128,78,8,6,15,2025-11-25 00:00:00,2025-12-09 00:00:00
INV-20251231-00598,2025-12-31 00:00:00,55,122,27,8,15,27,2025-11-16 00:00:00,2025-12-21 00:00:00
INV-20260131-00601,2026-01-31 00:00:00,67,270,89,10,6,19,2026-01-28 00:00:00,2026-01-01 00:00:00
INV-20260131-00604,2026-01-31 00:00:00,67,55,10,1,35,96,2026-01-09 00:00:00,2026-01-29 00:00:00
INV-20260131-00606,2026-01-31 00:00:00,67,183,14,112,11,26,2026-01-06 00:00:00,2026-01-29 00:00:00
INV-20260131-00607,2026-01-31 00:00:00,67,5,14,23,32,53,2026-01-12 00:00:00,2026-01-21 00:00:00
INV-20260131-00608,2026-01-31 00:00:00,67,312,43,6,9,23,2026-01-13 00:00:00,2026-01-24 00:00:00
INV-20260131-00609,2026-01-31 00:00:00,67,305,19,5,5,14,2025-12-22 00:00:00,2026-01-10 00:00:00
INV-20260131-00610,2026-01-31 00:00:00,67,225,3,26,16,43,2026-01-07 00:00:00,2026-01-14 00:00:00
INV-20260131-00612,2026-01-31 00:00:00,67,68,15,28,19,53,2026-01-11 00:00:00,2026-01-11 00:00:00
INV-20260131-00613,2026-01-31 00:00:00,67,36,63,7,21,62,2025-12-22 00:00:00,2026-01-03 00:00:00
INV-20260131-00614,2026-01-31 00:00:00,67,62,11,8,17,26,2026-01-22 00:00:00,2026-01-20 00:00:00
INV-20260131-00615,2026-01-31 00:00:00,67,320,3,13,20,65,2025-12-30 00:00:00,2026-01-24 00:00:00
INV-20260131-00616,2026-01-31 00:00:00,67,193,227,1,16,62,2026-01-24 00:00:00,2026-01-19 00:00:00
INV-20260131-00617,2026-01-31 00:00:00,67,221,210,4,12,20,2026-01-23 00:00:00,2026-02-10 00:00:00
INV-20260131-00620,2026-01-31 00:00:00,67,214,187,10,15,47,2026-01-09 00:00:00,2026-01-17 00:00:00
INV-20260131-00621,2026-01-31 00:00:00,67,266,72,48,14,52,2026-01-20 00:00:00,2026-01-19 00:00:00
INV-20260131-00624,2026-01-31 00:00:00,67,3,11,7,21,70,2026-01-28 00:00:00,2026-01-13 00:00:00
INV-20260131-00625,2026-01-31 00:00:00,67,180,58,39,6,18,2026-01-08 00:00:00,2026-01-18 00:00:00
INV-20260131-00627,2026-01-31 00:00:00,67,224,16,1,17,42,2026-01-10 00:00:00,2026-01-04 00:00:00
INV-20260131-00628,2026-01-31 00:00:00,67,119,41,30,6,24,2025-12-23 00:00:00,2026-01-08 00:00:00
INV-20260131-00629,2026-01-31 00:00:00,67,8,29,2,29,103,2025-12-29 00:00:00,2026-01-15 00:00:00
INV-20260131-00632,2026-01-31 00:00:00,67,22,8,10,17,66,2026-01-25 00:00:00,2026-02-08 00:00:00
INV-20260131-00633,2026-01-31 00:00:00,14,119,5,7,7,18,2026-01-29 00:00:00,2026-01-31 00:00:00
INV-20260131-00634,2026-01-31 00:00:00,14,94,57,6,9,29,2025-12-26 00:00:00,2026-01-09 00:00:00
INV-20260131-00640,2026-01-31 00:00:00,14,49,21,8,26,71,2026-01-24 00:00:00,2026-01-03 00:00:00
INV-20260131-00641,2026-01-31 00:00:00,14,183,54,7,18,34,2025-12-20 00:00:00,2026-01-10 00:00:00
INV-20260131-00642,2026-01-31 00:00:00,14,301,66,7,18,68,2026-01-01 00:00:00,2026-01-13 00:00:00
INV-20260131-00645,2026-01-31 00:00:00,14,241,19,18,8,27,2026-01-06 00:00:00,2026-01-16 00:00:00
INV-20260131-00648,2026-01-31 00:00:00,14,182,2,36,11,43,2025-12-27 00:00:00,2026-01-12 00:00:00
INV-20260131-00649,2026-01-31 00:00:00,14,196,10,46,8,15,2025-12-17 00:00:00,2026-01-11 00:00:00
INV-20260131-00651,2026-01-31 00:00:00,14,203,4,32,17,52,2026-01-28 00:00:00,2026-01-16 00:00:00
INV-20260131-00652,2026-01-31 00:00:00,14,305,55,52,8,14,2026-01-15 00:00:00,2026-01-13 00:00:00
INV-20260131-00653,2026-01-31 00:00:00,14,166,1,1,14,26,2026-01-02 00:00:00,2026-01-10 00:00:00
INV-20260131-00655,2026-01-31 00:00:00,14,77,13,8,7,15,2026-01-10 00:00:00,2026-01-26 00:00:00
INV-20260131-00657,2026-01-31 00:00:00,14,3,16,1,23,72,2025-12-26 00:00:00,2026-01-18 00:00:00
INV-20260131-00658,2026-01-31 00:00:00,14,226,15,3,20,77,2026-01-14 00:00:00,2026-01-26 00:00:00
INV-20260131-00659,2026-01-31 00:00:00,14,149,35,2,14,25,2025-12-22 00:00:00,2026-01-30 00:00:00
INV-20260131-00662,2026-01-31 00:00:00,14,260,55,5,13,26,2026-01-11 00:00:00,2026-01-17 00:00:00
INV-20260131-00663,2026-01-31 00:00:00,49,93,20,5,7,24,2025-12-18 00:00:00,2026-01-22 00:00:00
INV-20260131-00665,2026-01-31 00:00:00,49,162,20,2,6,18,2025-12-31 00:00:00,2026-01-25 00:00:00
INV-20260131-00666,2026-01-31 00:00:00,49,301,18,20,10,29,2025-12-17 00:00:00,2026-01-25 00:00:00
INV-20260131-00667,2026-01-31 00:00:00,49,280,69,20,18,70,2026-01-27 00:00:00,2026-01-18 00:00:00
INV-20260131-00669,2026-01-31 00:00:00,49,137,14,22,8,32,2026-01-12 00:00:00,2026-01-12 00:00:00
INV-20260131-00670,2026-01-31 00:00:00,49,21,20,36,33,115,2026-01-05 00:00:00,2026-01-18 00:00:00
INV-20260131-00671,2026-01-31 00:00:00,49,144,53,9,19,56,2026-01-16 00:00:00,2026-01-09 00:00:00
INV-20260131-00674,2026-01-31 00:00:00,49,314,16,42,8,27,2026-01-26 00:00:00,2026-01-23 00:00:00
INV-20260131-00675,2026-01-31 00:00:00,49,46,203,4,27,46,2025-12-24 00:00:00,2026-01-19 00:00:00
INV-20260131-00676,2026-01-31 00:00:00,49,158,51,10,16,46,2026-01-16 00:00:00,2026-01-31 00:00:00
INV-20260131-00677,2026-01-31 00:00:00,49,8,11,2,17,33,2025-12-17 00:00:00,2026-01-24 00:00:00
INV-20260131-00678,2026-01-31 00:00:00,49,53,15,7,36,88,2025-12-24 00:00:00,2026-01-12 00:00:00
INV-20260131-00680,2026-01-31 00:00:00,49,108,67,2,16,44,2026-01-21 00:00:00,2026-01-16 00:00:00
INV-20260131-00681,2026-01-31 00:00:00,49,268,18,21,19,33,2026-01-12 00:00:00,2026-01-12 00:00:00
INV-20260131-00682,2026-01-31 00:00:00,49,111,2,128,15,26,2025-12-30 00:00:00,2026-01-23 00:00:00
INV-20260131-00683,2026-01-31 00:00:00,49,69,12,4,20,48,2026-01-08 00:00:00,2026-01-06 00:00:00
INV-20260131-00684,2026-01-31 00:00:00,49,222,5,3,16,35,2025-12-20 00:00:00,2026-01-07 00:00:00
INV-20260131-00685,2026-01-31 00:00:00,49,26,8,5,38,66,2026-01-29 00:00:00,2026-01-20 00:00:00
INV-20260131-00686,2026-01-31 00:00:00,49,1,186,41,23,71,2026-01-07 00:00:00,2026-01-18 00:00:00
INV-20260131-00687,2026-01-31 00:00:00,49,105,47,8,6,23,2026-01-03 00:00:00,2026-01-06 00:00:00
INV-20260131-00689,2026-01-31 00:00:00,49,163,17,1,18,44,2026-01-23 00:00:00,2026-01-08 00:00:00
INV-20260131-00690,2026-01-31 00:00:00,49,30,45,35,36,115,2026-01-08 00:00:00,2026-01-26 00:00:00
INV-20260131-00691,2026-01-31 00:00:00,49,306,79,4,18,62,2026-01-17 00:00:00,2026-01-27 00:00:00
INV-20260131-00694,2026-01-31 00:00:00,49,97,9,10,16,38,2026-01-12 00:00:00,2026-01-20 00:00:00
INV-20260131-00696,2026-01-31 00:00:00,49,43,250,4,16,56,2025-12-23 00:00:00,2026-01-03 00:00:00
INV-20260131-00697,2026-01-31 00:00:00,49,286,57,4,17,53,2026-01-20 00:00:00,2026-01-26 00:00:00
INV-20260131-00698,2026-01-31 00:00:00,49,123,31,6,13,34,2026-01-27 00:00:00,2026-01-27 00:00:00
INV-20260131-00700,2026-01-31 00:00:00,49,51,4,8,23,65,2026-01-07 00:00:00,2026-01-24 00:00:00
INV-20260131-00702,2026-01-31 00:00:00,49,19,76,8,40,97,2026-01-21 00:00:00,2026-01-01 00:00:00
INV-20260131-00704,2026-01-31 00:00:00,49,103,166,5,9,14,2026-01-06 00:00:00,2026-01-10 00:00:00
INV-20260131-00706,2026-01-31 00:00:00,49,265,19,3,17,58,2026-01-11 00:00:00,2026-01-08 00:00:00
INV-20260131-00709,2026-01-31 00:00:00,36,29,119,2,36,56,2026-01-14 00:00:00,2026-01-27 00:00:00
INV-20260131-00710,2026-01-31 00:00:00,36,225,7,1,17,50,2026-01-28 00:00:00,2026-01-03 00:00:00
INV-20260131-00712,2026-01-31 00:00:00,36,164,17,3,7,15,2026-01-14 00:00:00,2026-01-19 00:00:00
INV-20260131-00716,2026-01-31 00:00:00,36,178,10,12,14,54,2026-01-27 00:00:00,2026-01-05 00:00:00
INV-20260131-00717,2026-01-31 00:00:00,36,250,1,9,11,41,2026-01-10 00:00:00,2026-01-17 00:00:00
INV-20260131-00721,2026-01-31 00:00:00,36,153,37,9,10,37,2026-01-18 00:00:00,2026-01-07 00:00:00
INV-20260131-00722,2026-01-31 00:00:00,36,192,75,7,10,25,2026-01-20 00:00:00,2026-01-27 00:00:00
INV-20260131-00723,2026-01-31 00:00:00,36,219,12,6,15,23,2026-01-09 00:00:00,2026-01-08 00:00:00
INV-20260131-00724,2026-01-31 00:00:00,36,190,9,2,10,33,2026-01-13 00:00:00,2026-01-03 00:00:00
INV-20260131-00726,2026-01-31 00:00:00,36,30,7,135,34,57,2025-12-26 00:00:00,2026-01-26 00:00:00
INV-20260131-00727,2026-01-31 00:00:00,36,48,24,4,25,94,2026-01-03 00:00:00,2026-01-29 00:00:00
INV-20260131-00728,2026-01-31 00:00:00,36,158,194,33,17,36,2026-01-16 00:00:00,2026-01-25 00:00:00
INV-20260131-00729,2026-01-31 00:00:00,36,24,64,9,32,65,2026-01-26 00:00:00,2026-01-15 00:00:00
INV-20260131-00730,2026-01-31 00:00:00,36,111,14,4,5,14,2026-01-28 00:00:00,2026-01-27 00:00:00
INV-20260131-00731,2026-01-31 00:00:00,36,7,41,6,20,67,2025-12-29 00:00:00,2026-01-17 00:00:00
INV-20260131-00732,2026-01-31 00:00:00,36,113,46,33,14,28,2026-01-31 00:00:00,2026-01-27 00:00:00
INV-20260131-00733,2026-01-31 00:00:00,36,131,11,8,16,48,2026-01-31 00:00:00,2026-01-16 00:00:00
INV-20260131-00735,2026-01-31 00:00:00,36,3,11,6,30,66,2026-01-05 00:00:00,2026-01-08 00:00:00
INV-20260131-00738,2026-01-31 00:00:00,36,141,154,4,8,16,2025-12-24 00:00:00,2026-01-21 00:00:00
INV-20260131-00739,2026-01-31 00:00:00,36,197,9,12,15,53,2026-01-01 00:00:00,2026-01-26 00:00:00
INV-20260131-00740,2026-01-31 00:00:00,36,207,48,6,14,48,2025-12-24 00:00:00,2026-01-30 00:00:00
INV-20260131-00742,2026-01-31 00:00:00,36,251,3,3,14,30,2026-01-19 00:00:00,2026-01-25 00:00:00
INV-20260131-00743,2026-01-31 00:00:00,36,133,34,43,7,24,2026-01-12 00:00:00,2026-01-16 00:00:00
INV-20260131-00745,2026-01-31 00:00:00,36,39,14,2,18,65,2026-01-20 00:00:00,2026-01-07 00:00:00
INV-20260131-00748,2026-01-31 00:00:00,60,75,7,3,20,78,2026-01-20 00:00:00,2026-01-30 00:00:00
INV-20260131-00749,2026-01-31 00:00:00,60,95,100,9,14,43,2025-12-28 00:00:00,2026-01-15 00:00:00
INV-20260131-00750,2026-01-31 00:00:00,60,247,233,9,12,46,2026-01-27 00:00:00,2026-01-06 00:00:00
INV-20260131-00751,2026-01-31 00:00:00,60,276,67,49,15,29,2026-01-19 00:00:00,2026-01-27 00:00:00
INV-20260131-00752,2026-01-31 00:00:00,60,304,16,1,17,62,2026-01-22 00:00:00,2026-01-13 00:00:00
INV-20260131-00755,2026-01-31 00:00:00,60,211,19,41,20,60,2026-01-03 00:00:00,2026-01-09 00:00:00
INV-20260131-00756,2026-01-31 00:00:00,60,152,3,3,5,13,2025-12-26 00:00:00,2026-01-25 00:00:00
INV-20260131-00760,2026-01-31 00:00:00,60,119,16,2,20,72,2026-01-11 00:00:00,2026-02-09 00:00:00
INV-20260131-00762,2026-01-31 00:00:00,60,80,19,9,16,39,2026-01-07 00:00:00,2026-01-11 00:00:00
INV-20260131-00764,2026-01-31 00:00:00,60,69,143,3,6,22,2026-01-21 00:00:00,2026-01-06 00:00:00
INV-20260131-00766,2026-01-31 00:00:00,60,51,24,16,31,69,2026-01-17 00:00:00,2026-01-02 00:00:00
INV-20260131-00767,2026-01-31 00:00:00,60,199,17,7,17,54,2025-12-25 00:00:00,2026-01-03 00:00:00
INV-20260131-00769,2026-01-31 00:00:00,60,30,8,10,16,33,2026-01-05 00:00:00,2026-01-09 00:00:00
INV-20260131-00770,2026-01-31 00:00:00,60,56,6,19,27,58,2026-01-04 00:00:00,2026-01-02 00:00:00
INV-20260131-00771,2026-01-31 00:00:00,60,252,15,5,7,21,2025-12-17 00:00:00,2026-01-18 00:00:00
INV-20260131-00773,2026-01-31 00:00:00,60,77,16,5,7,27,2026-01-13 00:00:00,2026-01-31 00:00:00
INV-20260131-00775,2026-01-31 00:00:00,60,175,20,20,12,44,2026-01-09 00:00:00,2026-01-06 00:00:00
INV-20260131-00777,2026-01-31 00:00:00,60,98,13,9,17,59,2026-01-02 00:00:00,2026-01-23 00:00:00
INV-20260131-00778,2026-01-31 00:00:00,12,48,4,6,16,36,2026-01-23 00:00:00,2026-01-18 00:00:00
INV-20260131-00779,2026-01-31 00:00:00,12,317,18,8,10,34,2026-01-13 00:00:00,2026-01-10 00:00:00
INV-20260131-00780,2026-01-31 00:00:00,12,211,12,1,11,28,2025-12-18 00:00:00,2026-01-10 00:00:00
INV-20260131-00781,2026-01-31 00:00:00,12,306,64,1,11,41,2025-12-17 00:00:00,2026-01-25 00:00:00
INV-20260131-00785,2026-01-31 00:00:00,12,71,239,57,18,34,2026-01-11 00:00:00,2026-01-19 00:00:00
INV-20260131-00786,2026-01-31 00:00:00,12,129,19,10,17,48,2026-01-19 00:00:00,2026-01-30 00:00:00
INV-20260131-00787,2026-01-31 00:00:00,12,161,21,47,6,15,2025-12-26 00:00:00,2026-01-09 00:00:00
INV-20260131-00789,2026-01-31 00:00:00,12,70,16,4,14,37,2026-01-13 00:00:00,2026-01-10 00:00:00
INV-20260131-00790,2026-01-31 00:00:00,12,91,14,145,11,19,2026-01-10 00:00:00,2026-01-30 00:00:00
INV-20260131-00791,2026-01-31 00:00:00,12,194,6,2,18,62,2026-01-21 00:00:00,2026-01-04 00:00:00
INV-20260131-00792,2026-01-31 00:00:00,12,182,24,13,7,20,2026-01-19 00:00:00,2026-01-28 00:00:00
INV-20260131-00794,2026-01-31 00:00:00,12,68,20,9,11,38,2026-01-31 00:00:00,2026-01-19 00:00:00
INV-20260131-00795,2026-01-31 00:00:00,12,124,218,5,11,25,2026-01-28 00:00:00,2026-01-09 00:00:00
INV-20260131-00797,2026-01-31 00:00:00,12,268,18,33,9,21,2026-01-28 00:00:00,2026-01-16 00:00:00
INV-20260131-00798,2026-01-31 00:00:00,12,269,44,4,14,28,2026-01-22 00:00:00,2026-01-29 00:00:00
INV-20260131-00802,2026-01-31 00:00:00,12,282,46,2,11,36,2026-01-03 00:00:00,2026-01-10 00:00:00
INV-20260131-00803,2026-01-31 00:00:00,12,101,3,24,20,73,2026-01-11 00:00:00,2026-01-06 00:00:00
INV-20260131-00805,2026-01-31 00:00:00,12,270,12,27,6,12,2025-12-18 00:00:00,2026-01-30 00:00:00
INV-20260131-00806,2026-01-31 00:00:00,12,139,51,6,11,36,2026-01-08 00:00:00,2026-01-07 00:00:00
INV-20260131-00808,2026-01-31 00:00:00,12,28,14,46,39,111,2026-01-09 00:00:00,2026-01-01 00:00:00
INV-20260131-00811,2026-01-31 00:00:00,12,170,9,10,9,22,2026-01-25 00:00:00,2026-01-06 00:00:00
INV-20260131-00814,2026-01-31 00:00:00,70,285,76,7,7,21,2026-01-31 00:00:00,2026-01-19 00:00:00
INV-20260131-00815,2026-01-31 00:00:00,70,59,55,136,25,62,2026-01-13 00:00:00,2026-01-25 00:00:00
INV-20260131-00817,2026-01-31 00:00:00,70,95,15,8,15,24,2026-01-02 00:00:00,2026-01-21 00:00:00
INV-20260131-00818,2026-01-31 00:00:00,70,317,20,9,11,43,2025-12-25 00:00:00,2026-01-23 00:00:00
INV-20260131-00819,2026-01-31 00:00:00,70,268,15,7,12,43,2026-01-15 00:00:00,2026-01-16 00:00:00
INV-20260131-00821,2026-01-31 00:00:00,70,166,5,14,13,28,2026-01-28 00:00:00,2026-01-25 00:00:00
INV-20260131-00822,2026-01-31 00:00:00,70,112,66,12,11,37,2025-12-18 00:00:00,2026-01-09 00:00:00
INV-20260131-00823,2026-01-31 00:00:00,70,320,72,7,19,52,2026-01-03 00:00:00,2026-01-30 00:00:00
INV-20260131-00824,2026-01-31 00:00:00,70,22,221,2,33,97,2026-01-04 00:00:00,2026-01-02 00:00:00
INV-20260131-00825,2026-01-31 00:00:00,70,30,219,9,29,54,2025-12-23 00:00:00,2026-01-15 00:00:00
INV-20260131-00826,2026-01-31 00:00:00,70,133,18,5,9,22,2026-01-15 00:00:00,2026-01-09 00:00:00
INV-20260131-00827,2026-01-31 00:00:00,70,157,61,6,10,29,2026-01-24 00:00:00,2026-01-22 00:00:00
INV-20260131-00828,2026-01-31 00:00:00,70,123,14,129,18,47,2025-12-28 00:00:00,2026-01-08 00:00:00
INV-20260131-00830,2026-01-31 00:00:00,70,1,6,31,29,70,2026-01-24 00:00:00,2026-01-06 00:00:00
INV-20260131-00831,2026-01-31 00:00:00,70,135,3,10,16,44,2026-01-08 00:00:00,2026-01-30 00:00:00
INV-20260131-00832,2026-01-31 00:00:00,70,193,10,8,5,19,2026-01-15 00:00:00,2026-01-06 00:00:00
INV-20260131-00833,2026-01-31 00:00:00,70,167,1,11,11,29,2026-01-12 00:00:00,2026-01-30 00:00:00
INV-20260131-00836,2026-01-31 00:00:00,70,121,67,20,16,30,2026-01-16 00:00:00,2026-01-31 00:00:00
INV-20260131-00837,2026-01-31 00:00:00,70,86,20,41,6,14,2025-12-26 00:00:00,2026-01-12 00:00:00
INV-20260131-00838,2026-01-31 00:00:00,70,10,5,97,39,90,2026-01-09 00:00:00,2026-01-01 00:00:00
INV-20260131-00839,2026-01-31 00:00:00,70,311,177,1,12,27,2026-01-28 00:00:00,2026-01-11 00:00:00
INV-20260131-00840,2026-01-31 00:00:00,27,160,60,2,16,42,2026-01-03 00:00:00,2026-01-23 00:00:00
INV-20260131-00843,2026-01-31 00:00:00,27,179,54,36,9,32,2026-01-25 00:00:00,2026-01-25 00:00:00
INV-20260131-00844,2026-01-31 00:00:00,27,292,1,10,6,19,2026-01-21 00:00:00,2026-01-07 00:00:00
INV-20260131-00845,2026-01-31 00:00:00,27,170,6,18,8,24,2025-12-17 00:00:00,2026-01-04 00:00:00
INV-20260131-00846,2026-01-31 00:00:00,27,34,6,20,37,119,2025-12-30 00:00:00,2026-01-28 00:00:00
INV-20260131-00848,2026-01-31 00:00:00,27,11,205,1,33,71,2026-01-19 00:00:00,2026-01-13 00:00:00
INV-20260131-00850,2026-01-31 00:00:00,27,101,10,6,8,23,2025-12-26 00:00:00,2026-01-27 00:00:00
INV-20260131-00853,2026-01-31 00:00:00,27,294,46,46,18,53,2025-12-21 00:00:00,2026-01-06 00:00:00
INV-20260131-00854,2026-01-31 00:00:00,27,202,49,5,15,57,2026-01-03 00:00:00,2026-01-19 00:00:00
INV-20260131-00856,2026-01-31 00:00:00,27,306,35,1,13,43,2025-12-28 00:00:00,2026-01-19 00:00:00
INV-20260131-00858,2026-01-31 00:00:00,27,228,45,1,17,32,2026-01-22 00:00:00,2026-01-15 00:00:00
INV-20260131-00860,2026-01-31 00:00:00,27,308,19,38,11,44,2026-01-22 00:00:00,2026-01-17 00:00:00
INV-20260131-00861,2026-01-31 00:00:00,27,91,14,7,11,32,2025-12-31 00:00:00,2026-01-21 00:00:00
INV-20260131-00862,2026-01-31 00:00:00,27,300,59,45,9,35,2026-01-31 00:00:00,2026-01-24 00:00:00
INV-20260131-00863,2026-01-31 00:00:00,27,77,36,48,7,24,2026-01-26 00:00:00,2026-01-16 00:00:00
INV-20260131-00869,2026-01-31 00:00:00,27,252,2,32,5,10,2026-01-26 00:00:00,2026-01-10 00:00:00
INV-20260131-00870,2026-01-31 00:00:00,27,243,20,43,6,20,2026-01-28 00:00:00,2026-01-21 00:00:00
INV-20260131-00873,2026-01-31 00:00:00,5,112,9,4,17,37,2026-01-26 00:00:00,2026-01-06 00:00:00
INV-20260131-00875,2026-01-31 00:00:00,5,60,24,61,24,65,2026-01-06 00:00:00,2026-01-19 00:00:00
INV-20260131-00877,2026-01-31 00:00:00,5,178,62,2,12,31,2025-12-31 00:00:00,2026-01-10 00:00:00
INV-20260131-00878,2026-01-31 00:00:00,5,37,59,2,38,119,2026-01-10 00:00:00,2026-01-20 00:00:00
INV-20260131-00879,2026-01-31 00:00:00,5,211,12,5,17,53,2026-01-20 00:00:00,2026-01-12 00:00:00
INV-20260131-00881,2026-01-31 00:00:00,5,278,3,7,5,8,2026-01-21 00:00:00,2026-01-10 00:00:00
INV-20260131-00882,2026-01-31 00:00:00,5,38,10,1,37,119,2026-01-05 00:00:00,2026-01-02 00:00:00
INV-20260131-00883,2026-01-31 00:00:00,5,245,18,2,17,61,2026-01-11 00:00:00,2026-01-10 00:00:00
INV-20260131-00884,2026-01-31 00:00:00,5,116,13,8,9,35,2026-01-11 00:00:00,2026-01-03 00:00:00
INV-20260131-00885,2026-01-31 00:00:00,5,12,44,19,25,47,2026-01-14 00:00:00,2026-01-21 00:00:00
INV-20260131-00886,2026-01-31 00:00:00,5,262,4,3,11,29,2026-01-18 00:00:00,2026-01-07 00:00:00
INV-20260131-00887,2026-01-31 00:00:00,5,289,19,4,14,29,2025-12-27 00:00:00,2026-01-19 00:00:00
INV-20260131-00888,2026-01-31 00:00:00,5,246,8,5,18,63,2025-12-24 00:00:00,2026-01-11 00:00:00
INV-20260131-00889,2026-01-31 00:00:00,5,244,73,49,11,27,2026-01-16 00:00:00,2026-01-20 00:00:00
INV-20260131-00890,2026-01-31 00:00:00,5,240,18,2,14,33,2026-01-10 00:00:00,2026-01-07 00:00:00
INV-20260131-00891,2026-01-31 00:00:00,5,133,12,4,18,51,2026-01-15 00:00:00,2026-01-19 00:00:00
INV-20260131-00893,2026-01-31 00:00:00,5,22,1,5,39,91,2026-01-29 00:00:00,2026-01-31 00:00:00
INV-20260131-00894,2026-01-31 00:00:00,5,224,1,5,6,24,2026-01-18 00:00:00,2026-01-16 00:00:00
INV-20260131-00895,2026-01-31 00:00:00,5,7,2,5,23,41,2026-01-29 00:00:00,2026-01-17 00:00:00
INV-20260131-00898,2026-01-31 00:00:00,5,162,211,6,12,42,2026-01-19 00:00:00,2026-01-12 00:00:00
INV-20260131-00899,2026-01-31 00:00:00,5,71,96,44,6,21,2025-12-19 00:00:00,2026-01-30 00:00:00
INV-20260131-00900,2026-01-31 00:00:00,54,26,188,10,23,86,2026-01-12 00:00:00,2026-01-16 00:00:00
