inventory_id,snapshot_date,dealer_id,product_id,on_hand_qty,on_order_qty,reorder_point,reorder_qty,last_restock_date,last_sale_date,Error
INV-20251130-00001,2025-11-30 00:00:00,40,134,17,0,16,60,2025-11-22 00:00:00,2025-11-03 00:00:00,E002 
INV-20251130-00004,2025-11-30 00:00:00,40,130,61,47,9,30,,2025-11-19 00:00:00,E003 
INV-20251130-00005,2025-11-30 00:00:00,40,265,5,39,8,20,,2025-11-04 00:00:00,E003 
INV-20251130-00008,2025-11-30 00:00:00,40,85,250,0,11,39,2025-11-22 00:00:00,2025-11-17 00:00:00,E002 
INV-20251130-00012,2025-11-30 00:00:00,40,306,11,0,12,45,2025-11-29 00:00:00,2025-11-20 00:00:00,E002 
INV-20251130-00013,2025-11-30 00:00:00,40,165,39,31,9,21,,2025-11-24 00:00:00,E003 
INV-20251130-00015,2025-11-30 00:00:00,40,145,14,1,6,10,,2025-11-29 00:00:00,E003 
INV-20251130-00017,2025-11-30 00:00:00,40,11,18,7,22,84,,2025-11-01 00:00:00,E003 
INV-20251130-00018,2025-11-30 00:00:00,40,213,8,39,11,39,,2025-11-22 00:00:00,E003 
INV-20251130-00020,2025-11-30 00:00:00,40,157,55,3,11,19,,2025-11-20 00:00:00,E003 
INV-20251130-00022,2025-11-30 00:00:00,40,150,3,10,8,15,,2025-11-21 00:00:00,E003 
INV-20251130-00023,2025-11-30 00:00:00,40,308,3,2,11,39,,2025-11-23 00:00:00,E003 
INV-20251130-00028,2025-11-30 00:00:00,40,10,0,5,38,119,2025-11-23 00:00:00,2025-11-03 00:00:00,E002 
INV-20251130-00029,2025-11-30 00:00:00,40,295,2,0,13,40,,2025-11-02 00:00:00,E003 E002 
INV-20251130-00033,2025-11-30 00:00:00,40,115,1,15,18,70,2025-11-01 00:00:00,,E003 
INV-20251130-00034,2025-11-30 00:00:00,40,57,33,4,30,106,2025-10-17 00:00:00,,E003 
INV-20251130-00035,2025-11-30 00:00:00,40,285,1,6,18,49,2025-11-10 00:00:00,,E003 
INV-20251130-00036,2025-11-30 00:00:00,40,182,17,37,20,30,,2025-11-14 00:00:00,E003 
INV-20251130-00037,2025-11-30 00:00:00,40,82,0,7,16,58,2025-11-21 00:00:00,2025-11-27 00:00:00,E002 
INV-20251130-00040,2025-11-30 00:00:00,40,291,8,24,5,15,2025-11-11 00:00:00,,E003 
INV-20251130-00041,2025-11-30 00:00:00,40,170,17,0,15,38,2025-11-19 00:00:00,2025-11-27 00:00:00,E002 
INV-20251130-00045,2025-11-30 00:00:00,40,282,2,10,12,22,2025-11-29 00:00:00,,E003 
INV-20251130-00050,2025-11-30 00:00:00,19,239,13,0,11,41,2025-11-30 00:00:00,2025-10-31 00:00:00,E002 
INV-20251130-00053,2025-11-30 00:00:00,19,38,13,2,25,80,2025-10-21 00:00:00,,E003 
INV-20251130-00055,2025-11-30 00:00:00,19,202,18,21,7,17,2025-10-27 00:00:00,,E003 
INV-20251130-00057,2025-11-30 00:00:00,19,146,5,1,20,57,,,E003 
INV-20251130-00058,2025-11-30 00:00:00,19,189,13,0,5,19,2025-10-30 00:00:00,2025-11-08 00:00:00,E002 
INV-20251130-00062,2025-11-30 00:00:00,19,279,98,0,5,11,2025-10-27 00:00:00,2025-11-28 00:00:00,E002 
INV-20251130-00063,2025-11-30 00:00:00,19,233,11,0,6,18,2025-10-27 00:00:00,2025-11-14 00:00:00,E002 
INV-20251130-00066,2025-11-30 00:00:00,19,246,12,15,11,17,,2025-11-16 00:00:00,E003 
INV-20251130-00069,2025-11-30 00:00:00,19,28,14,67,36,142,,2025-11-05 00:00:00,E003 
INV-20251130-00072,2025-11-30 00:00:00,19,310,-4,7,9,18,2025-10-28 00:00:00,2025-11-28 00:00:00,E004 
INV-20251130-00073,2025-11-30 00:00:00,19,315,8,1,9,16,2025-11-22 00:00:00,,E003 
INV-20251130-00077,2025-11-30 00:00:00,19,203,1,6,5,9,,,E003 
INV-20251130-00080,2025-11-30 00:00:00,19,106,46,1,6,11,,2025-11-22 00:00:00,E003 
INV-20251130-00083,2026/01/31,19,178,11,6,13,34,2025-11-02 00:00:00,2025-11-27 00:00:00,E003 
INV-20251130-00084,2025-11-30 00:00:00,19,62,-15,1,18,72,2025-11-27 00:00:00,,E003 E004 
INV-20251130-00085,,19,272,77,4,5,17,2025-11-16 00:00:00,2025-11-04 00:00:00,E003 
INV-20251130-00092,2025-11-30 00:00:00,35,255,4,5,15,59,2025-11-07 00:00:00,,E003 
INV-20251130-00093,2025-11-30 00:00:00,35,275,53,-14,19,39,2025-11-13 00:00:00,2025-12-03 00:00:00,E004 
INV-20251130-00095,2025-11-30 00:00:00,35,260,12,-8,16,62,,2025-11-08 00:00:00,E003 E004 
INV-20251130-00097,2025-11-30 00:00:00,35,151,0,5,19,31,2025-11-16 00:00:00,2025-11-18 00:00:00,E002 
INV-20251130-00098,2025-11-30 00:00:00,35,176,134,3,8,29,2025-11-02 00:00:00,,E003 
INV-20251130-00102,2026/01/31,35,132,53,50,8,21,2025-11-11 00:00:00,2025-11-16 00:00:00,E003 
INV-20251130-00104,2026/01/31,35,155,6,2,6,11,2025-11-05 00:00:00,2025-11-16 00:00:00,E003 
INV-20251130-00106,2025-11-30 00:00:00,35,49,15,2,27,49,,2025-11-06 00:00:00,E003 
INV-20251130-00108,2025-11-30 00:00:00,35,114,18,0,14,54,2025-10-22 00:00:00,2025-11-20 00:00:00,E002 
INV-20251130-00115,2025-11-30 00:00:00,35,250,0,7,14,36,2025-11-11 00:00:00,,E003 E002 
INV-20251130-00116,2025-11-30 00:00:00,35,50,4,50,30,71,,2025-11-14 00:00:00,E003 
INV-20251130-00121,2025-11-30 00:00:00,35,18,16,25,19,72,,2025-10-31 00:00:00,E003 
INV-20251130-00122,2025-11-30 00:00:00,35,10,0,10,33,126,2025-11-29 00:00:00,2025-12-06 00:00:00,E002 
INV-20251130-00123,2025-11-30 00:00:00,35,17,89,1,28,107,2025-10-23 00:00:00,,E003 
INV-20251130-00124,2025-11-30 00:00:00,35,295,77,7,5,8,,2025-11-20 00:00:00,E003 
INV-20251130-00127,2025-11-30 00:00:00,35,68,15,24,18,71,2025-11-06 00:00:00,,E003 
INV-20251130-00131,2025-11-30 00:00:00,35,164,11,3,8,24,2025-10-21 00:00:00,,E003 
INV-20251130-00132,2025-11-30 00:00:00,35,315,3,32,6,22,,2025-11-16 00:00:00,E003 
INV-20251130-00133,2025-11-30 00:00:00,35,262,8,0,12,30,2025-11-22 00:00:00,2025-11-20 00:00:00,E002 
INV-20251130-00141,2025-11-30 00:00:00,35,127,131,6,13,36,2025-11-06 00:00:00,,E003 
INV-20251130-00144,2025-11-30 00:00:00,35,47,0,5,32,72,2025-10-23 00:00:00,2025-11-27 00:00:00,E002 
INV-20251130-00145,2025-11-30 00:00:00,35,69,147,2,15,37,,2025-11-23 00:00:00,E003 
INV-20251130-00146,2025-11-30 00:00:00,11,187,4,16,6,13,,,E003 
INV-20251130-00147,2025-11-30 00:00:00,11,63,69,7,35,139,,2025-11-18 00:00:00,E003 
INV-20251130-00149,2025-11-30 00:00:00,11,158,40,3,5,9,,2025-11-11 00:00:00,E003 
INV-20251130-00151,2025-11-30 00:00:00,11,245,4,4,19,47,,2025-11-23 00:00:00,E003 
INV-20251130-00158,2025-11-30 00:00:00,11,264,5,6,5,16,,,E003 
INV-20251130-00159,2025-11-30 00:00:00,11,293,2,12,6,9,2025-10-18 00:00:00,,E003 
INV-20251130-00167,,11,109,45,-16,6,18,2025-11-15 00:00:00,2025-11-15 00:00:00,E003 E004 
INV-20251130-00170,2025-11-30 00:00:00,11,58,75,7,15,33,,2025-11-05 00:00:00,E003 
INV-20251130-00172,2025-11-30 00:00:00,11,227,61,2,8,17,,,E003 
INV-20251130-00174,2025-11-30 00:00:00,11,313,54,196,11,39,,2025-11-13 00:00:00,E003 
INV-20251130-00177,2025-11-30 00:00:00,11,173,80,0,10,39,2025-11-04 00:00:00,2025-11-19 00:00:00,E002 
INV-20251130-00179,2025-11-30 00:00:00,11,159,62,0,14,30,2025-10-16 00:00:00,2025-11-05 00:00:00,E002 
INV-20251130-00182,2025-11-30 00:00:00,11,216,149,0,8,30,2025-11-09 00:00:00,2025-11-15 00:00:00,E002 
INV-20251130-00189,2025-11-30 00:00:00,11,29,6,0,29,110,,2025-11-25 00:00:00,E003 E002 
INV-20251130-00192,2025-11-30 00:00:00,11,49,12,30,15,36,2025-11-21 00:00:00,,E003 
INV-20251130-00193,2025-11-30 00:00:00,11,226,4,0,15,24,2025-10-17 00:00:00,2025-11-05 00:00:00,E002 
INV-20251130-00196,2025-11-30 00:00:00,11,178,51,36,19,52,,2025-11-14 00:00:00,E003 
INV-20251130-00199,2025-11-30 00:00:00,51,162,5,9,19,52,,,E003 
INV-20251130-00203,2025-11-30 00:00:00,51,329,7,15,17,39,2025-11-14 00:00:00,2025-11-18 00:00:00,E005 
INV-20251130-00204,2025-11-30 00:00:00,51,236,219,7,11,19,2025-10-17 00:00:00,,E003 
INV-20251130-00205,2025-11-30 00:00:00,51,29,,9,32,52,2025-10-19 00:00:00,2025-11-16 00:00:00,E002 
INV-20251130-00206,2025-11-30 00:00:00,51,54,15,0,17,28,,,E003 E002 
INV-20251130-00210,2025-11-30 00:00:00,51,216,62,5,5,8,2025-11-24 00:00:00,,E003 
INV-20251130-00212,2025-11-30 00:00:00,51,251,13,0,8,15,,,E003 E002 
INV-20251130-00214,2025-11-30 00:00:00,51,122,6,2,16,64,,2025-11-30 00:00:00,E003 
INV-20251130-00215,2025-11-30 00:00:00,51,227,0,5,11,42,2025-10-24 00:00:00,2025-11-03 00:00:00,E002 
INV-20251130-00216,2025-11-30 00:00:00,51,199,39,0,5,16,2025-11-30 00:00:00,2025-11-09 00:00:00,E002 
INV-20251130-00217,2025-11-30 00:00:00,51,97,13,7,15,55,,2025-11-22 00:00:00,E003 
INV-20251130-00218,2025-11-30 00:00:00,51,167,0,-6,16,46,2025-10-21 00:00:00,,E003 E004 E002 
INV-20251130-00219,2025-11-30 00:00:00,51,102,1,10,14,49,2025-11-30 00:00:00,,E003 
INV-20251130-00220,2025-11-30 00:00:00,51,75,239,6,7,20,,2025-11-07 00:00:00,E003 
INV-20251130-00227,2025-11-30 00:00:00,51,233,10,3,14,44,,2025-11-23 00:00:00,E003 
INV-20251130-00228,2025-11-30 00:00:00,51,282,18,0,17,40,2025-10-23 00:00:00,2025-11-23 00:00:00,E002 
INV-20251130-00229,2026/01/31,51,53,0,5,15,37,,,E003 E002 
INV-20251130-00235,,51,22,16,21,35,124,2025-10-31 00:00:00,,E003 
INV-20251130-00240,2025-11-30 00:00:00,51,125,20,0,10,33,2025-11-27 00:00:00,2025-11-22 00:00:00,E002 
INV-20251130-00241,2026/01/31,51,112,17,6,7,28,2025-11-14 00:00:00,,E003 
INV-20251130-00242,2025-11-30 00:00:00,51,304,15,12,12,32,,2025-11-06 00:00:00,E003 
INV-20251130-00243,2025-11-30 00:00:00,51,153,18,0,10,23,2025-10-21 00:00:00,2025-11-21 00:00:00,E002 
INV-20251130-00244,,51,194,,8,15,32,,2025-11-24 00:00:00,E003 E002 
INV-20251130-00247,2025-11-30 00:00:00,51,148,16,25,15,37,,2025-11-20 00:00:00,E003 
INV-20251130-00248,2025-11-30 00:00:00,51,272,34,6,19,55,,2025-11-14 00:00:00,E003 
INV-20251130-00251,2025-11-30 00:00:00,51,257,0,94,11,42,2025-10-28 00:00:00,2025-11-15 00:00:00,E002 
INV-20251130-00259,2025-11-30 00:00:00,46,265,10,1,5,19,,2025-11-07 00:00:00,E003 
INV-20251130-00260,2025-11-30 00:00:00,46,38,15,9,23,74,,2025-11-20 00:00:00,E003 
INV-20251130-00262,2025-11-30 00:00:00,46,63,27,-5,35,140,2025-10-20 00:00:00,2025-11-22 00:00:00,E004 
INV-20251130-00263,2025-11-30 00:00:00,46,56,83,9,40,82,,2025-11-08 00:00:00,E003 
INV-20251130-00264,2025-11-30 00:00:00,46,49,1,0,16,35,2025-11-04 00:00:00,2025-11-29 00:00:00,E002 
INV-20251130-00268,2025-11-30 00:00:00,46,68,8,0,7,21,2025-11-23 00:00:00,2025-11-22 00:00:00,E002 
INV-20251130-00272,2025-11-30 00:00:00,46,52,6,0,38,105,2025-10-18 00:00:00,2025-11-04 00:00:00,E002 
INV-20251130-00276,2025-11-30 00:00:00,46,195,3,2,20,67,,2025-11-10 00:00:00,E003 
INV-20251130-00278,2025-11-30 00:00:00,46,42,16,18,37,137,,,E003 
INV-20251130-00281,2025-11-30 00:00:00,46,226,3,9,10,39,2025-11-02 00:00:00,,E003 
INV-20251130-00285,2025-11-30 00:00:00,46,228,12,0,17,43,2025-11-23 00:00:00,2025-11-27 00:00:00,E002 
INV-20251130-00289,2025-11-30 00:00:00,46,316,3,0,10,37,2025-11-30 00:00:00,2025-11-12 00:00:00,E002 
INV-20251130-00292,2025-11-30 00:00:00,46,148,79,19,16,46,,,E003 
INV-20251130-00298,2025-11-30 00:00:00,46,138,15,36,6,10,,2025-11-22 00:00:00,E003 
INV-20251130-00299,2025-11-30 00:00:00,46,198,33,7,17,61,2025-10-22 00:00:00,,E003 
INV-20251231-00302,2025-12-31 00:00:00,18,303,40,8,11,17,2025-12-06 00:00:00,,E003 
INV-20251231-00306,2025-12-31 00:00:00,18,140,0,8,16,52,2025-11-25 00:00:00,2025-12-31 00:00:00,E002 
INV-20251231-00307,2025-12-31 00:00:00,18,139,8,22,18,54,2025-12-01 00:00:00,,E003 
INV-20251231-00309,2025-12-31 00:00:00,18,227,69,2,20,33,2025-12-26 00:00:00,,E003 
INV-20251231-00315,2025-12-31 00:00:00,18,282,9,0,7,24,2025-12-12 00:00:00,2025-12-08 00:00:00,E002 
INV-20251231-00318,2025-12-31 00:00:00,18,275,4,36,9,29,,2025-12-13 00:00:00,E003 
INV-20251231-00322,2025-12-31 00:00:00,18,204,5,8,9,32,2025-11-27 00:00:00,,E003 
INV-20251231-00324,2025-12-31 00:00:00,18,97,12,3,10,40,,2025-12-14 00:00:00,E003 
INV-20251231-00325,2025-12-31 00:00:00,18,120,49,7,10,25,,2025-12-14 00:00:00,E003 
INV-20251231-00326,2025-12-31 00:00:00,18,205,19,46,19,46,,2025-12-30 00:00:00,E003 
INV-20251231-00327,2025-12-31 00:00:00,18,150,61,1,19,53,,2025-12-21 00:00:00,E003 
INV-20251231-00330,2025-12-31 00:00:00,18,237,14,10,15,50,,2025-12-19 00:00:00,E003 
INV-20251231-00331,2025-12-31 00:00:00,18,315,13,26,6,17,2025-12-23 00:00:00,,E003 
INV-20251231-00332,2025-12-31 00:00:00,18,162,0,49,18,42,2025-11-20 00:00:00,2025-12-17 00:00:00,E002 
INV-20251231-00336,2025-12-31 00:00:00,87,75,15,-9,17,41,2025-12-01 00:00:00,2025-12-10 00:00:00,E006 E004 
INV-20251231-00338,2025-12-31 00:00:00,57,318,206,0,17,52,2025-11-25 00:00:00,,E003 E002 
INV-20251231-00343,2025-12-31 00:00:00,57,216,17,37,6,12,,2025-12-29 00:00:00,E003 
INV-20251231-00347,2025-12-31 00:00:00,57,68,-1,160,11,28,2025-11-25 00:00:00,2025-12-14 00:00:00,E004 
INV-20251231-00351,2025-12-31 00:00:00,57,56,48,4,29,109,,,E003 
INV-20251231-00353,2025-12-31 00:00:00,57,275,14,9,7,25,2025-12-01 00:00:00,,E003 
INV-20251231-00355,2025-12-31 00:00:00,57,108,13,6,6,12,2025-11-23 00:00:00,,E003 
INV-20251231-00356,2025-12-31 00:00:00,57,136,2,-15,7,24,2025-11-23 00:00:00,,E003 E004 
INV-20251231-00357,2025-12-31 00:00:00,57,97,28,1,18,41,,2025-12-16 00:00:00,E003 
INV-20251231-00358,2025-12-31 00:00:00,57,255,0,3,6,13,2025-12-17 00:00:00,2025-12-20 00:00:00,E002 
INV-20251231-00361,2025-12-31 00:00:00,57,198,240,1,10,23,,2025-12-18 00:00:00,E003 
INV-20251231-00363,2025-12-31 00:00:00,57,55,37,34,33,75,,2025-12-29 00:00:00,E003 
INV-20251231-00364,2025-12-31 00:00:00,57,102,8,5,6,21,,2025-12-17 00:00:00,E003 
INV-20251231-00367,2025-12-31 00:00:00,57,224,15,5,15,56,,2025-12-20 00:00:00,E003 
INV-20251231-00370,2025-12-31 00:00:00,57,25,8,0,29,71,2025-12-04 00:00:00,,E003 E002 
INV-20251231-00373,2025-12-31 00:00:00,57,87,33,6,14,50,2025-12-23 00:00:00,,E003 
INV-20251231-00374,2025-12-31 00:00:00,57,301,14,6,14,34,,2025-12-30 00:00:00,E003 
INV-20251231-00376,2025-12-31 00:00:00,57,185,0,2,14,41,,2026-01-08 00:00:00,E003 E002 
INV-20251231-00385,2025-12-31 00:00:00,57,161,2,8,9,14,2025-12-01 00:00:00,,E003 
INV-20251231-00386,2025-12-31 00:00:00,57,39,13,-14,26,94,2025-11-18 00:00:00,2025-12-15 00:00:00,E004 
INV-20251231-00387,2025-12-31 00:00:00,57,288,11,5,14,49,,2025-12-31 00:00:00,E003 
INV-20251231-00388,2025-12-31 00:00:00,57,249,75,122,11,21,2025-12-31 00:00:00,,E003 
INV-20251231-00389,2025-12-31 00:00:00,57,286,17,16,8,21,,2025-12-02 00:00:00,E003 
INV-20251231-00390,2025-12-31 00:00:00,57,304,8,1,17,40,2025-12-01 00:00:00,,E003 
INV-20251231-00392,2026/01/31,50,230,22,19,18,56,2025-11-27 00:00:00,2025-12-07 00:00:00,E003 
INV-20251231-00394,2025-12-31 00:00:00,50,311,16,6,6,12,2025-12-08 00:00:00,,E003 
INV-20251231-00395,2025-12-31 00:00:00,50,105,36,7,20,36,,2025-12-31 00:00:00,E003 
INV-20251231-00396,2025-12-31 00:00:00,50,109,72,43,18,37,,2025-12-23 00:00:00,E003 
INV-20251231-00399,2025-12-31 00:00:00,50,45,-10,0,38,119,,2025-12-01 00:00:00,E003 E004 E002 
INV-20251231-00401,2025-12-31 00:00:00,50,12,1,4,33,103,,2025-12-02 00:00:00,E003 
INV-20251231-00404,2025-12-31 00:00:00,50,155,140,0,9,18,,2025-12-16 00:00:00,E003 E002 
INV-20251231-00407,2025-12-31 00:00:00,50,256,0,2,16,51,2025-12-30 00:00:00,2025-12-28 00:00:00,E002 
INV-20251231-00411,2025-12-31 00:00:00,50,294,169,2,6,20,,2025-12-26 00:00:00,E003 
INV-20251231-00412,2025-12-31 00:00:00,50,227,189,-14,11,19,2025-11-30 00:00:00,2025-12-24 00:00:00,E004 
INV-20251231-00413,2025-12-31 00:00:00,50,170,11,0,9,15,2025-12-24 00:00:00,2025-12-16 00:00:00,E002 
INV-20251231-00415,2025-12-31 00:00:00,50,98,8,45,11,17,,,E003 
INV-20251231-00419,2025-12-31 00:00:00,50,159,6,0,16,54,2025-12-21 00:00:00,2025-12-23 00:00:00,E002 
INV-20251231-00431,2025-12-31 00:00:00,50,107,1,0,20,74,2025-12-08 00:00:00,2025-12-13 00:00:00,E002 
INV-20251231-00435,2025-12-31 00:00:00,79,62,4,2,22,43,2025-12-27 00:00:00,,E003 
INV-20251231-00436,2025-12-31 00:00:00,79,291,,4,12,33,2025-12-28 00:00:00,2025-12-02 00:00:00,E002 
INV-20251231-00441,2025-12-31 00:00:00,79,50,71,5,24,47,,2025-12-02 00:00:00,E003 
INV-20251231-00444,2025-12-31 00:00:00,79,103,145,46,16,63,2025-11-28 00:00:00,,E003 
INV-20251231-00449,2025-12-31 00:00:00,79,315,3,1,18,67,,2025-12-25 00:00:00,E003 
INV-20251231-00450,2025-12-31 00:00:00,79,84,12,0,19,66,2025-11-29 00:00:00,2025-12-09 00:00:00,E002 
INV-20251231-00452,2025-12-31 00:00:00,79,240,,0,18,53,,2025-12-12 00:00:00,E003 E002 
INV-20251231-00453,2025-12-31 00:00:00,79,28,0,3,33,102,2025-11-21 00:00:00,2025-12-29 00:00:00,E002 
INV-20251231-00456,2025-12-31 00:00:00,79,127,-8,3,19,57,2025-12-18 00:00:00,,E003 E004 
INV-20251231-00458,2025-12-31 00:00:00,79,222,151,4,17,53,2025-12-21 00:00:00,,E003 
INV-20251231-00459,2025-12-31 00:00:00,79,19,49,0,27,55,2025-12-24 00:00:00,2025-12-12 00:00:00,E002 
INV-20251231-00467,2025-12-31 00:00:00,10,266,18,-1,13,20,2025-12-12 00:00:00,,E003 E004 
INV-20251231-00469,2025-12-31 00:00:00,10,30,79,4,35,87,,2025-12-01 00:00:00,E003 
INV-20251231-00476,2025-12-31 00:00:00,10,306,65,6,7,15,,2025-12-18 00:00:00,E003 
INV-20251231-00478,2025-12-31 00:00:00,10,94,19,0,15,24,2025-12-05 00:00:00,2025-12-13 00:00:00,E002 
INV-20251231-00480,2025-12-31 00:00:00,10,114,20,10,12,41,,2025-12-28 00:00:00,E003 
INV-20251231-00483,2025-12-31 00:00:00,10,231,20,17,14,35,,,E003 
INV-20251231-00489,2025-12-31 00:00:00,10,23,0,48,15,59,2025-12-26 00:00:00,2025-12-05 00:00:00,E002 
INV-20251231-00498,2025-12-31 00:00:00,10,111,12,8,16,56,,2025-12-18 00:00:00,E003 
INV-20251231-00505,2025-12-31 00:00:00,10,271,32,1,12,33,,2025-12-15 00:00:00,E003 
INV-20251231-00509,2025-12-31 00:00:00,10,109,59,17,10,30,,2025-12-11 00:00:00,E003 
INV-20251231-00510,2025-12-31 00:00:00,10,66,73,0,14,38,,,E003 E002 
INV-20251231-00512,2025-12-31 00:00:00,16,33,14,1,27,53,,2025-12-25 00:00:00,E003 
INV-20251231-00513,2025-12-31 00:00:00,16,11,19,2,38,106,,2025-12-18 00:00:00,E003 
INV-20251231-00516,2025-12-31 00:00:00,16,7,15,175,39,110,2025-12-25 00:00:00,,E003 
INV-20251231-00524,2025-12-31 00:00:00,16,266,20,0,6,10,2025-12-05 00:00:00,2025-12-06 00:00:00,E002 
INV-20251231-00527,2025-12-31 00:00:00,16,211,138,41,5,8,,2025-12-03 00:00:00,E003 
INV-20251231-00529,2025-12-31 00:00:00,16,98,,7,17,67,2025-12-16 00:00:00,2025-12-02 00:00:00,E002 
INV-20251231-00531,2025-12-31 00:00:00,16,234,8,42,8,22,,2025-12-09 00:00:00,E003 
INV-20251231-00533,2025-12-31 00:00:00,16,297,-19,140,17,58,2025-11-22 00:00:00,2025-12-31 00:00:00,E004 
INV-20251231-00535,2025-12-31 00:00:00,16,152,-14,11,7,23,2025-12-23 00:00:00,2025-12-27 00:00:00,E004 
INV-20251231-00539,2025-12-31 00:00:00,16,2,61,10,26,48,2025-12-15 00:00:00,,E003 
INV-20251231-00540,2025-12-31 00:00:00,16,322,48,7,25,83,2025-11-19 00:00:00,2025-12-10 00:00:00,E005 
INV-20251231-00548,2025-12-31 00:00:00,16,199,0,10,5,10,2025-11-29 00:00:00,2025-12-16 00:00:00,E002 
INV-20251231-00550,2025-12-31 00:00:00,16,196,7,9,17,49,2025-11-25 00:00:00,,E003 
INV-20251231-00552,2025-12-31 00:00:00,16,111,26,8,7,27,,2025-12-05 00:00:00,E003 
INV-20251231-00555,2025-12-31 00:00:00,16,81,1,25,6,15,,2025-12-26 00:00:00,E003 
INV-20251231-00556,2025-12-31 00:00:00,16,27,9,9,23,45,,2025-12-09 00:00:00,E003 
INV-20251231-00558,2025-12-31 00:00:00,16,8,11,7,31,83,2025-11-25 00:00:00,,E003 
INV-20251231-00562,2025-12-31 00:00:00,16,236,35,0,20,73,2025-12-08 00:00:00,2025-12-29 00:00:00,E002 
INV-20251231-00564,2025-12-31 00:00:00,16,209,249,8,15,58,,2025-12-11 00:00:00,E003 
INV-20251231-00568,2025-12-31 00:00:00,16,19,61,0,29,104,2025-12-29 00:00:00,2025-12-07 00:00:00,E002 
INV-20251231-00570,2025-12-31 00:00:00,16,30,13,0,17,43,2025-11-26 00:00:00,2026-01-13 00:00:00,E002 
INV-20251231-00575,2025-12-31 00:00:00,55,149,41,0,8,18,2025-11-27 00:00:00,2025-12-07 00:00:00,E002 
INV-20251231-00579,2025-12-31 00:00:00,55,106,222,33,10,26,,2025-12-28 00:00:00,E003 
INV-20251231-00580,2025-12-31 00:00:00,55,116,12,19,15,24,2025-11-16 00:00:00,,E003 
INV-20251231-00581,2025-12-31 00:00:00,55,111,8,1,7,15,,,E003 
INV-20251231-00582,2025-12-31 00:00:00,55,76,19,0,6,17,2025-12-30 00:00:00,2025-12-14 00:00:00,E002 
INV-20251231-00583,2025-12-31 00:00:00,55,75,8,6,8,32,2025-12-18 00:00:00,,E003 
INV-20251231-00587,2025-12-31 00:00:00,88,7,0,10,17,27,2025-12-03 00:00:00,2025-12-06 00:00:00,E006 E002 
INV-20251231-00594,2025-12-31 00:00:00,55,21,0,6,25,82,2025-11-24 00:00:00,2025-12-01 00:00:00,E002 
INV-20251231-00597,2025-12-31 00:00:00,55,165,3,4,14,37,2025-12-08 00:00:00,,E003 
INV-20251231-00599,2025-12-31 00:00:00,55,115,15,7,17,51,2025-12-17 00:00:00,,E003 
INV-20251231-00600,2025-12-31 00:00:00,55,77,0,10,10,21,2025-12-29 00:00:00,2025-12-02 00:00:00,E002 
INV-20260131-00602,2026-01-31 00:00:00,67,83,133,0,8,32,2026-01-05 00:00:00,2026-01-01 00:00:00,E002 
INV-20260131-00603,2026-01-31 00:00:00,67,298,48,10,10,17,2025-12-19 00:00:00,,E003 
INV-20260131-00605,2026-01-31 00:00:00,67,299,196,26,12,40,,,E003 
INV-20260131-00611,2026-01-31 00:00:00,67,207,-19,4,11,37,,2026-01-31 00:00:00,E003 E004 
INV-20260131-00618,2026-01-31 00:00:00,67,37,9,8,27,102,,2026-01-03 00:00:00,E003 
INV-20260131-00619,2026-01-31 00:00:00,67,249,20,2,20,51,2025-12-17 00:00:00,,E003 
INV-20260131-00622,2026-01-31 00:00:00,67,229,9,0,5,15,2026-01-18 00:00:00,2026-01-15 00:00:00,E002 
INV-20260131-00623,2026-01-31 00:00:00,67,126,,9,9,17,2026-01-12 00:00:00,2026-01-14 00:00:00,E002 
INV-20260131-00626,2026-01-31 00:00:00,67,114,0,10,19,35,2026-01-23 00:00:00,2026-01-09 00:00:00,E002 
INV-20260131-00630,2026-01-31 00:00:00,67,129,138,0,6,11,2025-12-21 00:00:00,2026-01-17 00:00:00,E002 
INV-20260131-00631,2026-01-31 00:00:00,67,234,13,5,12,47,2026-01-18 00:00:00,,E003 
INV-20260131-00635,,14,217,16,3,9,24,2026-01-14 00:00:00,2026-01-12 00:00:00,E003 
INV-20260131-00636,2026-01-31 00:00:00,14,97,34,3,12,18,2026-01-04 00:00:00,,E003 
INV-20260131-00637,2026-01-31 00:00:00,14,251,70,170,7,24,2026-01-30 00:00:00,,E003 
INV-20260131-00638,2026-01-31 00:00:00,14,299,47,2,18,51,,2026-01-18 00:00:00,E003 
INV-20260131-00639,2026-01-31 00:00:00,14,113,6,3,12,34,2026-01-15 00:00:00,,E003 
INV-20260131-00643,2026-01-31 00:00:00,14,67,57,24,20,50,,2026-01-19 00:00:00,E003 
INV-20260131-00644,2026-01-31 00:00:00,14,189,79,7,11,34,,2026-01-13 00:00:00,E003 
INV-20260131-00646,2026-01-31 00:00:00,14,55,2,4,22,84,2026-01-25 00:00:00,,E003 
INV-20260131-00647,2026-01-31 00:00:00,14,83,9,4,16,64,,2026-01-27 00:00:00,E003 
INV-20260131-00650,2026/01/31,14,32,8,3,19,32,2026-01-18 00:00:00,,E003 
INV-20260131-00654,2026-01-31 00:00:00,14,60,56,0,40,118,2025-12-22 00:00:00,2026-01-13 00:00:00,E002 
INV-20260131-00656,2026-01-31 00:00:00,14,269,197,5,17,32,2026-01-20 00:00:00,,E003 
INV-20260131-00660,2026-01-31 00:00:00,14,205,65,0,8,24,2025-12-26 00:00:00,2026-01-21 00:00:00,E002 
INV-20260131-00661,2026-01-31 00:00:00,14,293,0,73,17,53,2026-01-31 00:00:00,2026-01-02 00:00:00,E002 
INV-20260131-00664,2026-01-31 00:00:00,49,175,4,9,9,14,2026-01-24 00:00:00,,E003 
INV-20260131-00668,2026-01-31 00:00:00,49,261,17,0,20,64,,2026-01-12 00:00:00,E003 E002 
INV-20260131-00672,2026-01-31 00:00:00,49,22,12,33,37,141,,2026-01-23 00:00:00,E003 
INV-20260131-00673,2026-01-31 00:00:00,49,84,6,2,5,8,2026-01-16 00:00:00,,E003 
INV-20260131-00679,2026-01-31 00:00:00,49,173,,0,17,54,2025-12-30 00:00:00,2026-01-12 00:00:00,E002 
INV-20260131-00688,2026-01-31 00:00:00,49,285,22,15,14,29,2026-01-21 00:00:00,,E003 
INV-20260131-00692,,49,304,185,8,7,14,2026-01-11 00:00:00,2026-01-21 00:00:00,E003 
INV-20260131-00693,2026-01-31 00:00:00,49,102,68,5,11,34,2026-01-09 00:00:00,,E003 
INV-20260131-00695,2026-01-31 00:00:00,49,136,6,2,9,17,,2026-01-15 00:00:00,E003 
INV-20260131-00699,2026-01-31 00:00:00,49,89,0,10,20,78,2026-01-28 00:00:00,2026-01-25 00:00:00,E002 
INV-20260131-00701,2026-01-31 00:00:00,49,339,46,2,7,22,,2026-01-29 00:00:00,E005 E003 
INV-20260131-00703,2026-01-31 00:00:00,49,327,10,-20,7,11,2026-01-08 00:00:00,2026-01-21 00:00:00,E005 E004 
INV-20260131-00705,2026-01-31 00:00:00,49,56,64,-16,19,63,2026-01-04 00:00:00,2026-01-11 00:00:00,E004 
INV-20260131-00707,2026-01-31 00:00:00,49,2,157,2,24,92,,2026-01-24 00:00:00,E003 
INV-20260131-00708,2026-01-31 00:00:00,36,148,5,9,19,46,,2026-01-03 00:00:00,E003 
INV-20260131-00711,2026-01-31 00:00:00,36,120,50,8,7,12,,2026-01-08 00:00:00,E003 
INV-20260131-00713,2026-01-31 00:00:00,36,271,48,10,18,33,2025-12-25 00:00:00,,E003 
INV-20260131-00714,2026-01-31 00:00:00,36,2,0,0,34,114,2026-01-09 00:00:00,2026-01-16 00:00:00,E002 
INV-20260131-00715,2026-01-31 00:00:00,36,234,19,6,15,28,,2026-01-04 00:00:00,E003 
INV-20260131-00718,2026-01-31 00:00:00,36,33,10,0,25,70,2025-12-19 00:00:00,2026-01-09 00:00:00,E002 
INV-20260131-00719,2026-01-31 00:00:00,36,319,16,5,20,64,,2026-01-24 00:00:00,E003 
INV-20260131-00720,2026-01-31 00:00:00,36,175,-8,2,10,34,2025-12-28 00:00:00,2026-02-06 00:00:00,E004 
INV-20260131-00725,2026-01-31 00:00:00,36,189,54,2,17,59,,2026-01-21 00:00:00,E003 
INV-20260131-00734,2026-01-31 00:00:00,36,16,16,94,17,35,2025-12-18 00:00:00,,E003 
INV-20260131-00736,2026-01-31 00:00:00,36,310,47,15,7,23,2026-01-14 00:00:00,,E003 
INV-20260131-00737,2026-01-31 00:00:00,36,212,51,39,7,14,2026-01-27 00:00:00,,E003 
INV-20260131-00741,2026-01-31 00:00:00,36,15,14,15,18,69,,2026-01-12 00:00:00,E003 
INV-20260131-00744,2026-01-31 00:00:00,36,160,,9,14,32,2026-01-02 00:00:00,2026-01-09 00:00:00,E002 
INV-20260131-00746,,36,80,0,9,9,31,2025-12-24 00:00:00,2026-02-03 00:00:00,E003 E002 
INV-20260131-00747,2026-01-31 00:00:00,36,28,0,45,18,37,2026-01-13 00:00:00,2026-01-27 00:00:00,E002 
INV-20260131-00753,2026-01-31 00:00:00,60,297,18,0,17,42,2026-01-06 00:00:00,2026-01-11 00:00:00,E002 
INV-20260131-00754,2026-01-31 00:00:00,60,208,143,1,8,31,,,E003 
INV-20260131-00757,2026-01-31 00:00:00,60,15,17,42,36,143,2026-01-11 00:00:00,,E003 
INV-20260131-00758,2026-01-31 00:00:00,60,286,9,40,19,34,,2026-01-21 00:00:00,E003 
INV-20260131-00759,2026-01-31 00:00:00,60,6,59,0,17,33,2026-01-30 00:00:00,2026-01-30 00:00:00,E002 
INV-20260131-00761,2026-01-31 00:00:00,60,103,56,2,6,18,,,E003 
INV-20260131-00763,2026-01-31 00:00:00,60,251,44,0,11,26,2025-12-30 00:00:00,2026-01-08 00:00:00,E002 
INV-20260131-00765,2026-01-31 00:00:00,60,87,14,-15,17,56,2026-01-30 00:00:00,2026-01-10 00:00:00,E004 
INV-20260131-00768,2026-01-31 00:00:00,60,259,14,7,19,51,,2026-01-12 00:00:00,E003 
INV-20260131-00772,2026-01-31 00:00:00,60,166,7,4,7,26,,2026-01-07 00:00:00,E003 
INV-20260131-00774,2026-01-31 00:00:00,60,157,14,9,5,12,,2026-01-14 00:00:00,E003 
INV-20260131-00776,2026-01-31 00:00:00,60,9,53,5,19,33,2026-01-31 00:00:00,,E003 
INV-20260131-00782,2026-01-31 00:00:00,81,151,70,4,5,11,2026-01-05 00:00:00,2026-01-01 00:00:00,E006 
INV-20260131-00783,2026-01-31 00:00:00,12,177,132,0,5,14,2026-01-08 00:00:00,2026-01-21 00:00:00,E002 
INV-20260131-00784,2026-01-31 00:00:00,12,245,12,1,18,56,2026-01-15 00:00:00,,E003 
INV-20260131-00788,2026-01-31 00:00:00,12,30,19,3,19,53,2025-12-19 00:00:00,,E003 
INV-20260131-00793,2026-01-31 00:00:00,12,36,3,24,16,55,2026-01-12 00:00:00,,E003 
INV-20260131-00796,2026-01-31 00:00:00,12,304,-15,65,6,21,,2026-01-29 00:00:00,E003 E004 
INV-20260131-00799,2026-01-31 00:00:00,12,83,5,10,7,17,2026-01-07 00:00:00,,E003 
INV-20260131-00800,2026-01-31 00:00:00,12,76,44,0,13,40,2026-01-04 00:00:00,2026-01-11 00:00:00,E002 
INV-20260131-00801,2026-01-31 00:00:00,12,105,86,6,8,15,2026-01-19 00:00:00,,E003 
INV-20260131-00804,2026-01-31 00:00:00,12,225,8,3,19,36,,2026-01-09 00:00:00,E003 
INV-20260131-00807,2026-01-31 00:00:00,12,148,2,0,19,61,2026-01-10 00:00:00,2026-01-11 00:00:00,E002 
INV-20260131-00809,2026-01-31 00:00:00,12,314,60,-5,16,27,2025-12-22 00:00:00,2026-01-10 00:00:00,E004 
INV-20260131-00810,2026-01-31 00:00:00,12,238,16,9,19,70,,2026-01-07 00:00:00,E003 
INV-20260131-00812,2026-01-31 00:00:00,12,262,13,34,11,21,2026-01-28 00:00:00,,E003 
INV-20260131-00813,2026/01/31,70,222,52,7,13,26,2026-01-05 00:00:00,2026-01-17 00:00:00,E003 
INV-20260131-00816,2026-01-31 00:00:00,70,70,-17,3,6,16,2026-01-03 00:00:00,2026-01-31 00:00:00,E004 
INV-20260131-00820,2026-01-31 00:00:00,70,78,216,3,18,28,,2026-01-12 00:00:00,E003 
INV-20260131-00829,2026-01-31 00:00:00,70,316,34,41,16,29,2026-01-09 00:00:00,,E003 
INV-20260131-00834,2026-01-31 00:00:00,70,49,244,3,29,74,,2026-01-02 00:00:00,E003 
INV-20260131-00835,2026-01-31 00:00:00,70,179,100,0,10,33,,2026-01-28 00:00:00,E003 E002 
INV-20260131-00841,2026-01-31 00:00:00,27,31,1,29,39,86,,2026-01-01 00:00:00,E003 
INV-20260131-00842,2026-01-31 00:00:00,27,254,0,5,14,54,2026-01-10 00:00:00,2026-01-28 00:00:00,E002 
INV-20260131-00847,2026-01-31 00:00:00,27,22,69,-6,36,112,2026-01-04 00:00:00,2026-01-18 00:00:00,E004 
INV-20260131-00849,,27,211,4,0,6,17,2025-12-28 00:00:00,2026-01-04 00:00:00,E003 E002 
INV-20260131-00851,2026-01-31 00:00:00,27,187,135,3,13,39,2026-01-22 00:00:00,,E003 
INV-20260131-00852,2026-01-31 00:00:00,27,127,20,0,20,43,2026-01-12 00:00:00,2026-01-30 00:00:00,E002 
INV-20260131-00855,2026-01-31 00:00:00,27,271,10,0,19,70,2026-01-12 00:00:00,2026-01-23 00:00:00,E002 
INV-20260131-00857,2026-01-31 00:00:00,27,303,113,-14,9,19,2026-01-13 00:00:00,2026-01-18 00:00:00,E004 
INV-20260131-00859,2026-01-31 00:00:00,27,32,95,9,16,64,2026-01-17 00:00:00,,E003 
INV-20260131-00864,2026-01-31 00:00:00,27,141,19,7,12,19,2026-01-28 00:00:00,,E003 
INV-20260131-00865,2026-01-31 00:00:00,27,109,7,17,20,65,2026-01-13 00:00:00,,E003 
INV-20260131-00866,2026-01-31 00:00:00,27,121,14,0,7,22,2025-12-21 00:00:00,,E003 E002 
INV-20260131-00867,2026-01-31 00:00:00,27,153,13,0,8,14,2025-12-23 00:00:00,2026-01-31 00:00:00,E002 
INV-20260131-00868,,27,230,12,50,7,15,2025-12-18 00:00:00,2026-02-10 00:00:00,E003 
INV-20260131-00871,2026-01-31 00:00:00,27,171,11,6,18,28,,2026-01-01 00:00:00,E003 
INV-20260131-00872,,27,89,44,3,19,47,,2026-01-20 00:00:00,E003 
INV-20260131-00874,2026-01-31 00:00:00,5,202,62,5,9,31,,2026-01-30 00:00:00,E003 
INV-20260131-00876,2026-01-31 00:00:00,5,185,2,0,11,38,2026-01-20 00:00:00,2026-01-01 00:00:00,E002 
INV-20260131-00880,2026-01-31 00:00:00,5,134,19,9,20,31,2026-01-21 00:00:00,,E003 
INV-20260131-00892,2026-01-31 00:00:00,5,29,12,-17,18,54,2026-01-25 00:00:00,2026-01-12 00:00:00,E004 
INV-20260131-00896,2026-01-31 00:00:00,5,248,9,0,5,12,2026-01-26 00:00:00,2026-01-13 00:00:00,E002 
INV-20260131-00897,2026-01-31 00:00:00,5,221,17,0,20,52,2026-01-12 00:00:00,,E003 E002 
