product_id,sku,product_name,category,subcategory,brand,uom,unit_cost,unit_price,weight_kg,is_discontinued,created_date
1,sku-tf-00001,transmission filter m - brandb series-1,transmission_filter,transmission_m,brandb,ea,27.45,49.41,1.36,false,2025-11-28 00:00:00
2,sku-tf-00002,transmission filter m - brande pro,transmission_filter,transmission_m,brande,ea,12.62,22.72,1.11,false,2022-01-22 00:00:00
3,sku-ef-00003,engine filter s - brandc series-2,engine_filter,engine_s,brandc,ea,17.45,20.94,1.31,false,2025-11-09 00:00:00
4,sku-ef-00004,engine filter xl - brandg series-1,engine_filter,engine_xl,brandg,ea,18.7,22.44,1.11,false,2024-10-07 00:00:00
5,sku-ef-00005,engine filter s - brandg series-2,engine_filter,engine_s,brandg,ea,10.33,13.95,0.67,false,2023-01-18 00:00:00
6,sku-cf-00006,cabin filter s - brandc series-3,cabin_filter,cabin_s,brandc,ea,8.86,15.95,1.05,false,2025-07-01 00:00:00
7,sku-ff-00007,fuel filter xl - brandc max,fuel_filter,fuel_xl,brandc,ea,9.59,21.1,1.72,false,2024-02-17 00:00:00
8,sku-of-00008,oil filter l - brandd series-3,oil_filter,oil_l,brandd,ea,10.36,12.43,0.8,false,2025-08-03 00:00:00
9,sku-ef-00009,engine filter xl - brandb series-1,engine_filter,engine_xl,brandb,ea,14.03,30.87,1.26,false,2023-05-18 00:00:00
10,sku-ef-00010,engine filter m - brandb pro,engine_filter,engine_m,brandb,box,13.75,18.56,1.05,false,2023-09-11 00:00:00
11,sku-af-00011,air filter s - brandc series-2,air_filter,air_s,brandc,ea,5.57,6.68,0.71,false,2023-06-10 00:00:00
12,sku-ef-00012,engine filter l - brandh max,engine_filter,engine_l,brandh,ea,18.39,27.59,1.69,false,2025-01-28 00:00:00
13,sku-of-00013,oil filter l - brandd pro,oil_filter,oil_l,brandd,ea,8.93,10.72,0.24,false,2024-01-31 00:00:00
14,sku-tf-00014,transmission filter xl - brandb max,transmission_filter,transmission_xl,brandb,ea,14.43,19.48,1.37,false,2024-05-03 00:00:00
15,sku-of-00015,oil filter s - brandc series-3,oil_filter,oil_s,brandc,box,7.36,11.04,1.04,false,2023-12-16 00:00:00
16,sku-ef-00016,engine filter l - brandd series-1,engine_filter,engine_l,brandd,ea,13.74,16.49,0.91,false,2023-09-14 00:00:00
17,sku-cf-00017,cabin filter xl - brandg max,cabin_filter,cabin_xl,brandg,ea,10.08,15.12,0.37,false,2024-02-25 00:00:00
18,sku-af-00018,air filter m - brandb series-2,air_filter,air_m,brandb,ea,8.33,11.25,0.59,false,2023-07-20 00:00:00
19,sku-tf-00019,transmission filter l - brandf series-3,transmission_filter,transmission_l,brandf,ea,17.32,23.38,1.03,false,2022-09-21 00:00:00
20,sku-of-00020,oil filter s - branda series-3,oil_filter,oil_s,branda,ea,9.84,21.65,0.62,false,2025-04-18 00:00:00
21,sku-cf-00021,cabin filter l - brandg pro,cabin_filter,cabin_l,brandg,ea,11.02,14.88,0.27,true,2023-05-21 00:00:00
22,sku-cf-00022,cabin filter m - brandc series-1,cabin_filter,cabin_m,brandc,ea,12.26,16.55,0.38,false,2025-04-05 00:00:00
23,sku-cf-00023,cabin filter s - brandh series-2,cabin_filter,cabin_s,brandh,ea,8.8,10.56,0.73,false,2022-02-14 00:00:00
24,sku-of-00024,oil filter s - branda series-3,oil_filter,oil_s,branda,ea,11.73,17.59,0.69,false,2023-07-19 00:00:00
25,sku-af-00025,air filter m - branda pro,air_filter,air_m,branda,box,7.68,10.37,0.7,false,2022-01-22 00:00:00
26,sku-tf-00026,transmission filter s - brandb max,transmission_filter,transmission_s,brandb,ea,15.64,18.77,1.44,false,2022-11-25 00:00:00
28,sku-ef-00028,engine filter l - branda pro,engine_filter,engine_l,branda,box,19.39,42.66,1.54,false,2023-05-30 00:00:00
29,sku-af-00029,air filter m - brandg series-1,air_filter,air_m,brandg,box,7.15,12.87,0.89,false,2022-03-20 00:00:00
30,sku-cf-00030,cabin filter s - brandh series-1,cabin_filter,cabin_s,brandh,ea,6.61,9.92,0.53,false,2025-02-19 00:00:00
31,sku-cf-00031,cabin filter xl - brandf series-3,cabin_filter,cabin_xl,brandf,ea,14.71,17.65,0.36,false,2024-04-03 00:00:00
32,sku-ef-00032,engine filter l - brandh max,engine_filter,engine_l,brandh,box,13.45,16.14,1.73,false,2025-08-23 00:00:00
33,sku-ef-00033,engine filter m - branda series-1,engine_filter,engine_m,branda,ea,15.55,20.99,1.89,false,2023-12-07 00:00:00
34,sku-tf-00034,transmission filter xl - brandd series-2,transmission_filter,transmission_xl,brandd,ea,18.81,28.21,2.72,false,2024-12-03 00:00:00
35,sku-ff-00035,fuel filter s - brandg pro,fuel_filter,fuel_s,brandg,ea,14.31,21.46,1.8,false,2023-07-11 00:00:00
36,sku-ef-00036,engine filter l - branda series-1,engine_filter,engine_l,branda,ea,8.01,12.02,1.21,false,2023-01-18 00:00:00
37,sku-of-00037,oil filter xl - brande series-3,oil_filter,oil_xl,brande,ea,7.77,11.65,1.15,false,2023-04-22 00:00:00
38,sku-af-00038,air filter s - brandb pro,air_filter,air_s,brandb,ea,9.33,14.0,0.73,false,2022-09-22 00:00:00
39,sku-of-00039,oil filter xl - brandf pro,oil_filter,oil_xl,brandf,ea,8.48,11.45,0.34,false,2022-07-20 00:00:00
40,sku-ff-00040,fuel filter xl - brandd pro,fuel_filter,fuel_xl,brandd,ea,5.25,7.09,0.76,false,2023-04-08 00:00:00
41,sku-ef-00041,engine filter s - brandb max,engine_filter,engine_s,brandb,ea,11.47,25.23,0.51,false,2024-10-17 00:00:00
42,sku-of-00042,oil filter xl - brandc series-2,oil_filter,oil_xl,brandc,ea,9.87,13.32,0.68,false,2024-07-19 00:00:00
43,sku-cf-00043,cabin filter s - brandd series-2,cabin_filter,cabin_s,brandd,ea,7.08,9.56,0.86,false,2025-11-03 00:00:00
44,sku-ff-00044,fuel filter m - brande pro,fuel_filter,fuel_m,brande,ea,14.15,21.23,0.42,false,2024-12-31 00:00:00
45,sku-of-00045,oil filter l - brandd series-2,oil_filter,oil_l,brandd,ea,9.51,12.84,1.17,false,2022-11-03 00:00:00
46,sku-ef-00046,engine filter s - brandh series-2,engine_filter,engine_s,brandh,ea,16.12,29.02,0.68,false,2023-10-18 00:00:00
47,sku-ff-00047,fuel filter s - brandg max,fuel_filter,fuel_s,brandg,ea,14.49,19.56,1.13,true,2025-09-07 00:00:00
48,sku-cf-00048,cabin filter xl - brandf series-3,cabin_filter,cabin_xl,brandf,box,15.74,10.79,1.14,false,2023-11-14 00:00:00
49,sku-ff-00049,fuel filter l - brandc max,fuel_filter,fuel_l,brandc,ea,13.42,18.12,1.3,false,2023-04-27 00:00:00
51,sku-of-00051,oil filter l - brandb max,oil_filter,oil_l,brandb,ea,6.9,8.28,0.21,false,2022-03-23 00:00:00
52,sku-ff-00052,fuel filter xl - brande series-1,fuel_filter,fuel_xl,brande,ea,14.15,16.98,1.08,false,2022-07-12 00:00:00
53,sku-of-00053,oil filter s - brande series-1,oil_filter,oil_s,brande,ea,9.25,11.1,0.96,false,2024-04-02 00:00:00
54,sku-of-00054,oil filter xl - brandh series-1,oil_filter,oil_xl,brandh,box,3.55,5.32,0.5,false,2025-05-11 00:00:00
55,sku-ef-00055,engine filter m - brandc pro,engine_filter,engine_m,brandc,ea,19.22,28.83,1.7,false,2024-08-29 00:00:00
56,sku-ef-00056,engine filter l - branda max,engine_filter,engine_l,branda,ea,13.36,20.04,0.79,false,2023-11-27 00:00:00
57,sku-ff-00057,fuel filter xl - brandb max,fuel_filter,fuel_xl,brandb,ea,12.91,17.43,0.85,false,2022-07-18 00:00:00
58,sku-of-00058,oil filter m - branda series-1,oil_filter,oil_m,branda,ea,5.55,8.32,1.06,false,2023-04-14 00:00:00
59,sku-cf-00059,cabin filter m - brandb max,cabin_filter,cabin_m,brandb,ea,5.66,6.79,0.88,false,2024-05-22 00:00:00
60,sku-of-00060,oil filter s - brande series-1,oil_filter,oil_s,brande,box,12.2,16.47,1.01,false,2024-02-28 00:00:00
61,sku-of-00061,oil filter m - branda series-2,oil_filter,oil_m,branda,box,8.46,11.42,0.38,false,2023-01-12 00:00:00
62,sku-of-00062,oil filter l - brandd series-1,oil_filter,oil_l,brandd,box,7.45,16.39,0.29,false,2025-03-06 00:00:00
63,sku-cf-00063,cabin filter xl - brandg pro,cabin_filter,cabin_xl,brandg,ea,10.1,12.12,0.83,false,2023-05-18 00:00:00
64,sku-cf-00064,cabin filter s - brandb series-3,cabin_filter,cabin_s,brandb,ea,11.87,16.02,0.44,false,2022-07-23 00:00:00
65,sku-af-00065,air filter xl - brandd pro,air_filter,air_xl,brandd,ea,8.55,12.83,1.06,false,2024-10-07 00:00:00
66,sku-ef-00066,engine filter xl - brandb series-1,engine_filter,engine_xl,brandb,ea,16.76,25.14,0.62,false,2022-01-28 00:00:00
67,sku-cf-00067,cabin filter s - brandb series-2,cabin_filter,cabin_s,brandb,box,9.13,12.33,1.15,false,2022-01-01 00:00:00
68,sku-tf-00068,transmission filter l - brandf pro,transmission_filter,transmission_l,brandf,ea,17.22,23.25,1.47,false,2025-03-28 00:00:00
69,sku-af-00069,air filter s - brandb series-2,air_filter,air_s,brandb,ea,7.83,9.4,0.41,false,2024-08-02 00:00:00
70,sku-ef-00070,engine filter s - brandc series-2,engine_filter,engine_s,brandc,ea,12.18,14.62,0.45,false,2023-01-14 00:00:00
71,sku-cf-00071,cabin filter m - branda series-2,cabin_filter,cabin_m,branda,ea,13.05,15.66,0.7,false,2024-05-12 00:00:00
72,sku-af-00072,air filter l - branda pro,air_filter,air_l,branda,ea,6.36,8.59,1.11,false,2022-11-26 00:00:00
73,sku-of-00073,oil filter m - branda max,oil_filter,oil_m,branda,ea,12.53,18.79,0.49,false,2023-06-11 00:00:00
74,sku-af-00074,air filter l - brandf series-2,air_filter,air_l,brandf,ea,7.9,10.67,0.72,false,2023-06-30 00:00:00
75,sku-of-00075,oil filter xl - branda series-3,oil_filter,oil_xl,branda,ea,7.61,13.7,0.66,false,2025-11-11 00:00:00
76,sku-of-00076,oil filter m - brandf series-1,oil_filter,oil_m,brandf,ea,9.68,13.07,0.79,false,2023-03-27 00:00:00
78,sku-cf-00078,cabin filter l - branda max,cabin_filter,cabin_l,branda,ea,10.03,15.04,0.81,false,2023-06-13 00:00:00
79,sku-af-00079,air filter m - brandd series-1,air_filter,air_m,brandd,ea,9.23,12.46,0.68,false,2023-02-22 00:00:00
80,sku-of-00080,oil filter l - brande series-1,oil_filter,oil_l,brande,box,8.34,10.01,0.8,false,2023-06-27 00:00:00
81,sku-tf-00081,transmission filter s - brandb series-1,transmission_filter,transmission_s,brandb,box,23.47,31.68,2.92,false,2024-06-17 00:00:00
82,sku-af-00082,air filter s - brandh pro,air_filter,air_s,brandh,ea,10.44,15.66,0.36,false,2023-01-10 00:00:00
83,sku-of-00083,oil filter xl - brandg series-2,oil_filter,oil_xl,brandg,ea,11.53,13.84,1.12,false,2025-08-21 00:00:00
84,sku-of-00084,oil filter m - brandc series-2,oil_filter,oil_m,brandc,ea,12.72,15.26,0.51,false,2022-06-20 00:00:00
85,sku-ef-00085,engine filter s - brandd series-2,engine_filter,engine_s,brandd,ea,16.01,24.02,1.12,false,2024-01-27 00:00:00
86,sku-ff-00086,fuel filter xl - brandg series-3,fuel_filter,fuel_xl,brandg,ea,7.11,10.67,1.33,false,2023-11-25 00:00:00
87,sku-ef-00087,engine filter l - branda series-3,engine_filter,engine_l,branda,ea,9.46,14.19,1.62,false,2022-06-03 00:00:00
88,sku-ff-00088,fuel filter xl - brandh series-2,fuel_filter,fuel_xl,brandh,ea,11.77,21.19,1.07,false,2023-11-25 00:00:00
89,sku-af-00089,air filter s - brandb series-1,air_filter,air_s,brandb,ea,5.24,7.07,0.38,false,2025-09-15 00:00:00
91,sku-ef-00091,engine filter l - brandc series-1,engine_filter,engine_l,brandc,ea,13.51,20.27,0.57,false,2025-05-11 00:00:00
92,sku-af-00092,air filter l - brandb series-3,air_filter,air_l,brandb,ea,9.69,13.08,0.71,false,2025-12-09 00:00:00
93,sku-cf-00093,cabin filter l - brandf series-2,cabin_filter,cabin_l,brandf,ea,7.96,9.55,0.84,false,2023-05-26 00:00:00
94,sku-ff-00094,fuel filter m - brandb pro,fuel_filter,fuel_m,brandb,ea,10.21,12.25,1.33,false,2024-04-03 00:00:00
95,sku-of-00095,oil filter m - brandb series-1,oil_filter,oil_m,brandb,ea,3.22,3.86,0.74,false,2025-09-20 00:00:00
96,sku-of-00096,oil filter xl - branda series-2,oil_filter,oil_xl,branda,ea,9.12,16.42,1.02,false,2023-02-26 00:00:00
97,sku-of-00097,oil filter xl - branda max,filter_misc,oil_xl,branda,box,5.76,7.78,0.81,false,2023-10-11 00:00:00
98,sku-tf-00098,transmission filter xl - brandb max,transmission_filter,transmission_xl,brandb,ea,24.99,37.48,2.43,false,2023-06-18 00:00:00
99,sku-cf-00099,cabin filter s - brandh series-3,cabin_filter,cabin_s,brandh,ea,14.06,18.98,0.83,false,2025-05-26 00:00:00
100,sku-af-00100,air filter l - brandd series-3,air_filter,air_l,brandd,ea,10.9,14.72,1.15,false,2025-07-04 00:00:00
101,sku-tf-00101,transmission filter xl - branda series-2,transmission_filter,transmission_xl,branda,ea,13.38,18.06,1.27,false,2022-11-01 00:00:00
102,sku-ff-00102,fuel filter l - branda series-3,fuel_filter,fuel_l,branda,ea,14.69,19.83,0.81,false,2022-04-23 00:00:00
103,sku-of-00103,oil filter xl - branda max,oil_filter,oil_xl,branda,ea,10.66,14.39,0.48,false,2025-05-20 00:00:00
104,sku-ff-00104,fuel filter xl - brandb series-1,fuel_filter,fuel_xl,brandb,ea,12.24,14.69,0.97,false,2023-09-29 00:00:00
105,sku-cf-00105,cabin filter m - brandb series-2,cabin_filter,cabin_m,brandb,ea,12.86,17.36,0.51,false,2022-03-13 00:00:00
106,sku-of-00106,oil filter xl - brande series-2,oil_filter,oil_xl,brande,ea,8.3,5.76,0.31,false,2024-09-07 00:00:00
107,sku-af-00107,air filter s - brandd series-2,air_filter,air_s,brandd,box,6.39,7.67,0.69,false,2025-02-20 00:00:00
108,sku-af-00108,air filter s - branda series-2,air_filter,air_s,branda,ea,3.3,5.94,0.73,false,2023-11-24 00:00:00
109,sku-ef-00109,engine filter m - branda max,engine_filter,engine_m,branda,box,14.7,26.46,1.02,false,2024-12-21 00:00:00
110,sku-ff-00110,fuel filter s - brandb series-1,fuel_filter,fuel_s,brandb,ea,5.0,9.0,0.43,false,2022-09-12 00:00:00
111,sku-ef-00111,engine filter l - brandd series-3,engine_filter,engine_l,brandd,ea,12.45,14.94,1.74,false,2024-05-08 00:00:00
112,sku-ff-00112,fuel filter s - brandc series-2,fuel_filter,fuel_s,brandc,ea,12.82,19.23,1.49,false,2022-05-25 00:00:00
113,sku-cf-00113,cabin filter s - brandf series-2,cabin_filter,cabin_s,brandf,ea,11.97,16.16,1.0,false,2022-09-16 00:00:00
114,sku-of-00114,oil filter s - brandg series-1,oil_filter,oil_s,brandg,ea,5.73,7.74,0.32,false,2023-03-06 00:00:00
115,sku-ef-00115,engine filter m - brandf pro,engine_filter,engine_m,brandf,ea,8.58,12.87,0.51,false,2025-10-07 00:00:00
116,sku-of-00116,oil filter m - brandf series-2,oil_filter,oil_m,brandf,ea,9.51,11.41,0.96,false,2023-01-15 00:00:00
117,sku-tf-00117,transmission filter m - brandf max,transmission_filter,transmission_m,brandf,ea,15.97,21.56,2.48,false,2023-05-16 00:00:00
118,sku-cf-00118,cabin filter l - brandc series-2,cabin_filter,cabin_l,brandc,ea,7.36,8.83,0.59,false,2022-05-11 00:00:00
119,sku-ff-00119,fuel filter s - brandc max,fuel_filter,fuel_s,brandc,box,12.84,23.11,0.67,false,2022-08-17 00:00:00
120,sku-cf-00120,cabin filter xl - brandf series-1,cabin_filter,cabin_xl,brandf,ea,11.99,14.39,1.11,true,2025-01-04 00:00:00
121,sku-of-00121,oil filter s - brandf max,oil_filter,oil_s,brandf,ea,12.81,23.06,0.47,false,2023-09-24 00:00:00
122,sku-ff-00122,fuel filter s - brandb series-1,fuel_filter,fuel_s,brandb,ea,12.36,14.83,1.44,false,2022-03-09 00:00:00
123,sku-ff-00123,fuel filter s - brande series-3,fuel_filter,fuel_s,brande,ea,16.82,20.18,1.99,false,2023-10-22 00:00:00
124,sku-af-00124,air filter l - brandc series-3,air_filter,air_l,brandc,ea,10.48,18.86,0.5,false,2023-11-03 00:00:00
125,sku-cf-00125,cabin filter s - brandd max,cabin_filter,cabin_s,brandd,ea,11.36,17.04,1.15,false,2025-08-14 00:00:00
126,sku-ef-00126,engine filter s - brandd series-3,engine_filter,engine_s,brandd,ea,15.03,20.29,1.03,false,2025-09-02 00:00:00
127,sku-cf-00127,cabin filter xl - brandd series-3,cabin_filter,cabin_xl,brandd,ea,10.47,23.03,1.18,true,2025-03-10 00:00:00
128,sku-ff-00128,fuel filter xl - brandg series-2,fuel_filter,fuel_xl,brandg,ea,12.9,15.48,1.84,false,2024-01-01 00:00:00
129,sku-ef-00129,engine filter xl - branda series-2,engine_filter,engine_xl,branda,box,15.97,23.96,0.79,false,2024-06-05 00:00:00
130,sku-ef-00130,engine filter xl - brandc pro,engine_filter,engine_xl,brandc,ea,19.0,34.2,0.67,false,2024-03-29 00:00:00
131,sku-af-00131,air filter xl - branda series-1,air_filter,air_xl,branda,box,8.86,7.41,0.66,false,2024-12-17 00:00:00
132,sku-cf-00132,cabin filter s - branda max,cabin_filter,cabin_s,branda,ea,11.01,16.52,1.16,true,2022-07-22 00:00:00
133,sku-ef-00133,engine filter s - brande series-3,engine_filter,engine_s,brande,ea,16.33,24.49,1.83,false,2022-05-17 00:00:00
134,sku-of-00134,oil filter s - brande series-1,oil_filter,oil_s,brande,ea,10.58,15.87,0.67,false,2022-05-28 00:00:00
135,sku-af-00135,air filter s - brandb series-1,air_filter,air_s,brandb,box,10.91,14.73,1.13,false,2024-05-08 00:00:00
136,sku-of-00136,oil filter xl - brandd series-2,oil_filter,oil_xl,brandd,ea,7.59,9.11,0.5,false,2022-03-05 00:00:00
137,sku-af-00137,air filter xl - brandg series-3,air_filter,air_xl,brandg,ea,8.04,10.85,0.83,false,2025-10-08 00:00:00
138,sku-of-00138,oil filter m - brandb series-1,oil_filter,oil_m,brandb,box,6.19,7.43,0.31,false,2025-10-25 00:00:00
139,sku-af-00139,air filter s - brandf series-2,air_filter,air_s,brandf,ea,6.13,7.36,0.42,false,2023-12-11 00:00:00
140,sku-cf-00140,cabin filter l - brandb series-1,cabin_filter,cabin_l,brandb,ea,11.64,13.97,0.56,false,2022-10-17 00:00:00
141,sku-ff-00141,fuel filter l - branda max,fuel_filter,fuel_l,branda,ea,11.17,15.08,1.08,false,2024-06-06 00:00:00
142,sku-of-00142,oil filter l - brandf series-2,oil_filter,oil_l,brandf,ea,9.35,14.02,1.15,false,2024-05-16 00:00:00
143,sku-of-00143,oil filter s - brandc pro,oil_filter,oil_s,brandc,ea,7.8,10.53,0.79,false,2022-07-27 00:00:00
144,sku-ff-00144,fuel filter s - branda series-2,fuel_filter,fuel_s,branda,ea,6.02,7.22,0.9,false,2023-08-17 00:00:00
145,sku-ef-00145,engine filter xl - branda series-3,engine_filter,engine_xl,branda,ea,13.12,15.74,1.73,false,2024-08-07 00:00:00
146,sku-ff-00146,fuel filter s - brande max,filter_misc,fuel_s,brande,ea,13.22,19.83,1.59,true,2025-08-02 00:00:00
147,sku-cf-00147,cabin filter l - brandd series-2,cabin_filter,cabin_l,brandd,ea,9.08,13.62,0.62,false,2023-09-06 00:00:00
148,sku-ef-00148,engine filter xl - brandd pro,engine_filter,engine_xl,brandd,ea,11.88,26.14,1.89,false,2024-07-21 00:00:00
149,sku-ff-00149,fuel filter m - brandc series-3,fuel_filter,fuel_m,brandc,box,15.24,18.29,1.77,false,2025-10-05 00:00:00
150,sku-ef-00150,engine filter s - brandd max,engine_filter,engine_s,brandd,ea,9.31,12.57,0.98,false,2024-05-09 00:00:00
151,sku-ef-00151,engine filter m - branda pro,engine_filter,engine_m,branda,ea,8.63,11.65,0.84,false,2023-04-18 00:00:00
152,sku-cf-00152,cabin filter s - brande series-3,cabin_filter,cabin_s,brande,ea,12.09,14.51,0.24,false,2023-06-24 00:00:00
153,sku-cf-00153,cabin filter xl - brandf pro,cabin_filter,cabin_xl,brandf,ea,9.74,21.43,0.25,false,2024-12-04 00:00:00
154,sku-of-00154,oil filter m - brandb series-2,oil_filter,oil_m,brandb,ea,7.87,17.31,0.91,false,2023-04-27 00:00:00
155,sku-ef-00155,engine filter xl - brande series-3,engine_filter,engine_xl,brande,ea,6.0,8.1,1.79,false,2022-09-13 00:00:00
156,sku-ef-00156,engine filter xl - brandf max,engine_filter,engine_xl,brandf,ea,10.12,13.66,1.43,false,2023-06-22 00:00:00
157,sku-ff-00157,fuel filter xl - brandc pro,fuel_filter,fuel_xl,brandc,ea,9.15,10.98,0.48,false,2024-06-10 00:00:00
158,sku-af-00158,air filter xl - brandh series-3,air_filter,air_xl,brandh,ea,7.09,8.51,0.82,false,2025-07-11 00:00:00
159,sku-tf-00159,transmission filter l - brandc series-3,transmission_filter,transmission_l,brandc,ea,14.91,17.89,2.18,false,2022-09-20 00:00:00
160,sku-cf-00160,cabin filter m - branda series-2,cabin_filter,cabin_m,branda,ea,17.25,23.29,0.58,false,2022-07-13 00:00:00
161,sku-tf-00161,transmission filter l - brandh series-1,transmission_filter,transmission_l,brandh,ea,7.0,10.5,0.9,false,2023-04-05 00:00:00
162,sku-ef-00162,engine filter s - brandf max,engine_filter,engine_s,brandf,ea,10.73,12.88,1.57,false,2022-06-06 00:00:00
163,sku-af-00163,air filter l - brandf pro,air_filter,air_l,brandf,ea,8.76,10.51,0.68,false,2023-01-08 00:00:00
164,sku-tf-00164,transmission filter s - branda series-1,transmission_filter,transmission_s,branda,ea,15.56,18.67,0.99,false,2022-11-11 00:00:00
165,sku-cf-00165,cabin filter l - branda max,cabin_filter,cabin_l,branda,box,11.06,13.27,1.03,false,2023-08-26 00:00:00
166,sku-tf-00166,transmission filter xl - brandf series-1,transmission_filter,transmission_xl,brandf,ea,25.58,30.7,1.19,false,2023-04-24 00:00:00
167,sku-af-00167,air filter m - brandb max,air_filter,air_m,brandb,box,9.9,6.77,1.05,false,2025-07-11 00:00:00
168,sku-af-00168,air filter xl - brandg series-2,air_filter,air_xl,brandg,ea,6.31,11.36,0.6,false,2022-12-09 00:00:00
169,sku-ff-00169,fuel filter l - branda series-3,fuel_filter,fuel_l,branda,ea,13.36,16.03,1.77,false,2022-04-25 00:00:00
170,sku-ff-00170,fuel filter l - brande pro,fuel_filter,fuel_l,brande,ea,9.77,14.65,1.9,false,2024-12-27 00:00:00
171,sku-ef-00171,engine filter s - brandh max,engine_filter,engine_s,brandh,ea,14.83,17.8,1.54,false,2025-03-04 00:00:00
172,sku-of-00172,oil filter xl - brandb series-3,oil_filter,oil_xl,brandb,box,6.26,9.39,0.5,false,2024-10-14 00:00:00
173,sku-of-00173,oil filter xl - branda max,oil_filter,oil_xl,branda,ea,7.13,10.7,1.06,false,2024-11-26 00:00:00
174,sku-of-00174,oil filter l - brandb max,oil_filter,oil_l,brandb,ea,7.68,10.37,1.12,false,2022-12-08 00:00:00
175,sku-cf-00175,cabin filter s - brandg pro,cabin_filter,cabin_s,brandg,box,7.34,8.81,0.4,false,2022-02-28 00:00:00
176,sku-af-00176,air filter xl - brandb series-3,air_filter,air_xl,brandb,ea,8.45,10.14,1.15,false,2025-12-06 00:00:00
177,sku-ef-00177,engine filter xl - brandf pro,engine_filter,engine_xl,brandf,ea,9.48,12.8,0.64,false,2024-05-12 00:00:00
178,sku-tf-00178,transmission filter xl - brandd max,transmission_filter,transmission_xl,brandd,ea,15.09,20.37,1.87,false,2025-07-18 00:00:00
179,sku-ef-00179,engine filter s - brandd series-2,engine_filter,engine_s,brandd,ea,6.0,9.0,0.54,false,2024-08-16 00:00:00
180,sku-cf-00180,cabin filter m - brandd series-2,cabin_filter,cabin_m,brandd,ea,9.3,12.56,0.39,false,2025-08-19 00:00:00
181,sku-ef-00181,engine filter m - branda pro,engine_filter,engine_m,branda,ea,14.29,19.29,1.25,false,2025-04-20 00:00:00
182,sku-of-00182,oil filter l - brandc series-2,oil_filter,oil_l,brandc,ea,15.11,20.4,0.9,false,2025-01-23 00:00:00
183,sku-tf-00183,transmission filter xl - brandb pro,transmission_filter,transmission_xl,brandb,box,20.77,28.04,2.82,false,2022-05-11 00:00:00
184,sku-of-00184,oil filter xl - brandh pro,oil_filter,oil_xl,brandh,ea,8.79,11.87,1.19,false,2023-09-29 00:00:00
185,sku-af-00185,air filter l - branda pro,air_filter,air_l,branda,ea,7.29,13.12,0.41,false,2024-01-29 00:00:00
186,sku-tf-00186,transmission filter xl - branda series-2,transmission_filter,transmission_xl,branda,ea,18.64,41.01,2.29,false,2022-10-11 00:00:00
187,sku-of-00187,oil filter l - brandb series-2,oil_filter,oil_l,brandb,ea,6.9,9.32,0.5,false,2025-01-30 00:00:00
188,sku-af-00188,air filter m - brandd series-2,air_filter,air_m,brandd,ea,9.01,7.28,1.1,false,2024-05-24 00:00:00
190,sku-cf-00190,cabin filter m - brandb series-1,cabin_filter,cabin_m,brandb,ea,9.77,13.19,1.0,false,2025-08-15 00:00:00
191,sku-af-00191,air filter l - brande series-3,air_filter,air_l,brande,ea,7.34,13.21,1.1,false,2025-01-05 00:00:00
192,sku-ff-00192,fuel filter xl - branda series-2,fuel_filter,fuel_xl,branda,ea,11.34,13.61,0.45,false,2022-02-03 00:00:00
193,sku-ef-00193,engine filter m - brandg pro,engine_filter,engine_m,brandg,box,12.18,16.44,0.76,true,2025-06-16 00:00:00
194,sku-cf-00194,cabin filter m - brande max,cabin_filter,cabin_m,brande,ea,14.97,22.46,0.91,false,2024-06-03 00:00:00
195,sku-cf-00195,cabin filter xl - brandb series-1,cabin_filter,cabin_xl,brandb,box,7.8,10.53,0.67,false,2022-05-19 00:00:00
196,sku-of-00196,oil filter l - brandb max,oil_filter,oil_l,brandb,ea,12.6,17.01,0.62,false,2022-06-28 00:00:00
197,sku-tf-00197,transmission filter s - brandf series-1,transmission_filter,transmission_s,brandf,ea,13.1,15.72,2.35,false,2025-11-21 00:00:00
198,sku-af-00198,air filter xl - branda max,air_filter,air_xl,branda,ea,8.47,11.43,0.8,false,2023-06-16 00:00:00
199,sku-ff-00199,fuel filter l - brandd series-2,fuel_filter,fuel_l,brandd,ea,14.26,19.25,0.41,false,2022-05-31 00:00:00
200,sku-ef-00200,engine filter l - brandd pro,engine_filter,engine_l,brandd,ea,14.24,19.22,1.83,false,2025-06-18 00:00:00
201,sku-ff-00201,fuel filter m - branda series-2,fuel_filter,fuel_m,branda,ea,13.0,17.55,1.77,false,2022-03-22 00:00:00
202,sku-of-00202,oil filter l - branda max,oil_filter,oil_l,branda,ea,5.87,7.92,0.45,false,2023-07-01 00:00:00
203,sku-of-00203,oil filter l - brandb pro,filter_misc,oil_l,brandb,box,11.1,13.32,0.74,false,2024-03-13 00:00:00
204,sku-af-00204,air filter s - brandf series-2,air_filter,air_s,brandf,ea,7.6,9.12,0.82,false,2025-06-21 00:00:00
205,sku-cf-00205,cabin filter xl - brandb series-1,cabin_filter,cabin_xl,brandb,ea,12.87,17.37,0.98,false,2022-04-19 00:00:00
206,sku-af-00206,air filter s - brandc series-1,air_filter,air_s,brandc,ea,11.04,14.9,0.5,false,2024-03-10 00:00:00
207,sku-of-00207,oil filter s - brandg pro,oil_filter,oil_s,brandg,ea,10.76,23.67,0.39,false,2025-12-01 00:00:00
208,sku-cf-00208,cabin filter l - brandc series-2,cabin_filter,cabin_l,brandc,ea,8.67,11.7,0.61,false,2022-08-10 00:00:00
210,sku-ef-00210,engine filter xl - brandf series-1,engine_filter,engine_xl,brandf,ea,15.55,20.99,0.91,false,2023-12-11 00:00:00
212,sku-of-00212,oil filter m - brandg series-2,oil_filter,oil_m,brandg,ea,6.87,9.27,0.52,false,2022-10-27 00:00:00
213,sku-ff-00213,fuel filter m - branda series-2,fuel_filter,fuel_m,branda,ea,12.64,17.06,1.57,false,2024-11-29 00:00:00
214,sku-of-00214,oil filter s - brandb series-1,oil_filter,oil_s,brandb,ea,9.55,12.89,0.94,false,2022-06-17 00:00:00
215,sku-cf-00215,cabin filter s - brandc max,cabin_filter,cabin_s,brandc,ea,8.02,9.62,0.93,false,2024-11-29 00:00:00
216,sku-of-00080,air filter s - brandd series-1,air_filter,air_s,brandd,ea,9.51,14.27,0.84,false,2024-08-17 00:00:00
217,sku-cf-00217,cabin filter m - brandh series-3,cabin_filter,cabin_m,brandh,ea,16.09,19.31,1.2,false,2024-04-17 00:00:00
218,sku-tf-00218,transmission filter m - branda series-3,transmission_filter,transmission_m,branda,ea,10.91,19.64,2.1,false,2022-01-12 00:00:00
219,sku-cf-00219,cabin filter m - brandg series-1,cabin_filter,cabin_m,brandg,ea,11.15,15.05,0.51,true,2024-09-19 00:00:00
220,sku-cf-00220,cabin filter xl - brandh pro,cabin_filter,cabin_xl,brandh,ea,6.88,12.38,0.45,false,2024-05-04 00:00:00
221,sku-of-00221,oil filter xl - brandb series-1,oil_filter,oil_xl,brandb,ea,9.21,16.58,1.04,false,2023-06-06 00:00:00
222,sku-ef-00222,engine filter xl - branda max,engine_filter,engine_xl,branda,ea,10.37,12.44,1.1,false,2022-09-05 00:00:00
223,sku-af-00223,air filter l - brande series-3,air_filter,air_l,brande,ea,9.17,16.51,0.71,false,2022-05-15 00:00:00
224,sku-of-00224,oil filter xl - brandd series-1,oil_filter,oil_xl,brandd,ea,9.51,11.41,0.84,false,2023-07-14 00:00:00
225,sku-of-00225,oil filter m - brandf series-3,oil_filter,oil_m,brandf,ea,8.09,10.92,1.02,false,2023-01-25 00:00:00
226,sku-ef-00226,engine filter xl - brandd series-1,engine_filter,engine_xl,brandd,ea,12.66,17.09,1.97,false,2022-03-02 00:00:00
227,sku-of-00227,oil filter xl - branda series-2,oil_filter,oil_xl,branda,ea,9.94,13.42,1.02,false,2023-06-11 00:00:00
228,sku-tf-00228,transmission filter xl - brandb series-2,transmission_filter,transmission_xl,brandb,box,16.73,36.81,1.74,false,2022-07-06 00:00:00
229,sku-of-00229,oil filter xl - brande pro,oil_filter,oil_xl,brande,box,9.41,11.29,0.66,true,2025-02-02 00:00:00
230,sku-af-00230,air filter m - brandg series-3,air_filter,air_m,brandg,ea,12.36,27.19,0.66,false,2023-05-15 00:00:00
231,sku-cf-00231,cabin filter s - brandh series-1,cabin_filter,cabin_s,brandh,ea,10.07,13.59,1.01,false,2022-06-04 00:00:00
232,sku-of-00232,oil filter m - brande max,oil_filter,oil_m,brande,box,9.03,19.87,0.9,false,2022-06-05 00:00:00
233,sku-ff-00233,fuel filter l - brandf pro,fuel_filter,fuel_l,brandf,ea,12.4,18.6,0.88,false,2023-02-26 00:00:00
234,sku-ff-00234,fuel filter xl - brande pro,fuel_filter,fuel_xl,brande,ea,14.28,17.14,1.89,false,2023-08-11 00:00:00
235,sku-of-00235,oil filter l - brande pro,oil_filter,oil_l,brande,ea,8.62,12.93,1.1,false,2023-09-17 00:00:00
236,sku-af-00236,air filter xl - brandg series-2,air_filter,air_xl,brandg,ea,5.58,7.53,0.5,false,2025-03-30 00:00:00
237,sku-af-00237,air filter m - brandb pro,air_filter,air_m,brandb,ea,13.29,29.24,0.83,false,2024-12-02 00:00:00
238,sku-cf-00238,cabin filter m - brande series-1,cabin_filter,cabin_m,brande,ea,14.96,20.2,1.1,false,2024-08-03 00:00:00
239,sku-of-00239,oil filter l - brandc series-3,oil_filter,oil_l,brandc,ea,8.73,11.79,0.99,false,2025-02-17 00:00:00
240,sku-ef-00240,engine filter l - brande pro,engine_filter,engine_l,brande,box,15.46,27.83,1.26,false,2024-08-09 00:00:00
241,sku-af-00241,air filter m - brandd series-3,air_filter,air_m,brandd,box,12.23,14.68,0.7,true,2025-05-24 00:00:00
242,sku-ef-00242,engine filter m - brande max,engine_filter,engine_m,brande,box,15.6,23.4,1.67,false,2022-10-03 00:00:00
243,sku-af-00243,air filter l - brandb series-2,air_filter,air_l,brandb,ea,9.55,12.89,0.76,false,2025-07-16 00:00:00
244,sku-of-00244,oil filter s - branda series-2,oil_filter,oil_s,branda,ea,9.12,13.68,0.93,false,2022-01-15 00:00:00
245,sku-af-00245,air filter l - brandd series-3,air_filter,air_l,brandd,ea,7.15,8.58,0.97,true,2024-05-27 00:00:00
246,sku-of-00246,oil filter l - brande max,oil_filter,oil_l,brande,ea,8.01,9.61,1.06,false,2024-06-16 00:00:00
247,sku-af-00247,air filter l - brande max,air_filter,air_l,brande,ea,9.75,11.7,0.84,false,2025-01-10 00:00:00
248,sku-ff-00248,fuel filter m - brandf series-3,fuel_filter,fuel_m,brandf,ea,18.38,22.06,1.22,false,2022-01-14 00:00:00
249,sku-of-00249,oil filter s - brandd series-3,oil_filter,oil_s,brandd,ea,7.63,11.45,0.28,false,2022-02-16 00:00:00
250,sku-af-00250,air filter xl - branda max,air_filter,air_xl,branda,ea,4.92,6.64,0.97,true,2024-04-11 00:00:00
251,sku-ef-00264,oil filter m - brandd max,oil_filter,oil_m,brandd,box,6.17,7.4,1.15,false,2023-09-01 00:00:00
252,sku-of-00252,oil filter s - brande pro,oil_filter,oil_s,brande,ea,10.92,13.1,1.04,false,2023-12-30 00:00:00
253,sku-af-00253,air filter m - brandh series-2,air_filter,air_m,brandh,ea,8.93,12.06,0.45,false,2022-01-19 00:00:00
254,sku-ef-00254,engine filter xl - brandb series-2,engine_filter,engine_xl,brandb,ea,9.39,12.68,0.87,false,2023-11-21 00:00:00
255,sku-ff-00255,fuel filter m - brandh series-3,fuel_filter,fuel_m,brandh,ea,10.59,23.3,1.56,false,2023-11-27 00:00:00
256,sku-cf-00256,cabin filter xl - brandg series-1,cabin_filter,cabin_xl,brandg,box,9.76,11.71,0.32,false,2023-04-03 00:00:00
257,sku-af-00257,air filter m - brandf series-1,air_filter,air_m,brandf,ea,7.93,9.52,0.94,false,2024-09-14 00:00:00
258,sku-ef-00258,engine filter m - brandh series-2,engine_filter,engine_m,brandh,ea,8.95,16.11,1.59,false,2023-01-30 00:00:00
259,sku-tf-00259,transmission filter s - brandf series-1,transmission_filter,transmission_s,brandf,ea,13.72,16.46,1.92,false,2025-09-28 00:00:00
260,sku-ef-00260,engine filter l - brandg series-1,engine_filter,engine_l,brandg,ea,12.08,14.5,0.43,false,2022-01-12 00:00:00
261,sku-af-00261,air filter s - brande series-1,air_filter,air_s,brande,ea,6.45,7.74,1.09,false,2023-04-09 00:00:00
262,sku-ff-00262,fuel filter xl - brandc series-1,fuel_filter,fuel_xl,brandc,ea,6.5,9.75,1.7,false,2024-12-11 00:00:00
263,sku-of-00263,oil filter s - branda series-1,oil_filter,oil_s,branda,box,10.29,12.35,0.26,false,2022-04-11 00:00:00
264,sku-ef-00264,engine filter l - brandc series-1,engine_filter,engine_l,brandc,ea,12.29,27.04,1.63,false,2022-04-19 00:00:00
265,sku-ef-00265,engine filter m - brandh max,engine_filter,engine_m,brandh,ea,10.93,14.76,0.74,false,2025-09-06 00:00:00
266,sku-af-00266,air filter xl - branda series-2,air_filter,air_xl,branda,ea,9.49,11.39,0.24,true,2022-07-02 00:00:00
267,sku-of-00267,oil filter m - brandg series-3,oil_filter,oil_m,brandg,ea,8.82,11.91,0.71,true,2025-01-19 00:00:00
268,sku-ef-00268,engine filter l - brandg series-1,engine_filter,engine_l,brandg,ea,15.32,18.38,1.9,false,2023-03-26 00:00:00
269,sku-of-00269,oil filter l - branda pro,oil_filter,oil_l,branda,ea,11.31,13.57,0.75,false,2024-12-16 00:00:00
270,sku-ff-00270,fuel filter s - brandg series-2,fuel_filter,fuel_s,brandg,box,7.55,10.19,0.92,false,2023-06-10 00:00:00
271,sku-cf-00271,cabin filter s - branda max,cabin_filter,cabin_s,branda,ea,8.11,10.95,0.87,false,2023-05-09 00:00:00
272,sku-tf-00272,transmission filter s - brandg max,transmission_filter,transmission_s,brandg,ea,24.4,43.92,1.95,false,2025-11-04 00:00:00
273,sku-tf-00273,transmission filter s - branda pro,transmission_filter,transmission_s,branda,ea,14.32,19.33,2.0,false,2022-07-19 00:00:00
274,sku-ef-00274,engine filter xl - brandb series-3,engine_filter,engine_xl,brandb,ea,20.94,25.13,1.91,false,2023-08-11 00:00:00
275,sku-ff-00275,fuel filter s - brandg pro,fuel_filter,fuel_s,brandg,ea,9.37,11.24,1.83,false,2024-02-07 00:00:00
276,sku-cf-00276,cabin filter s - brandc series-1,cabin_filter,cabin_s,brandc,box,7.46,10.07,0.68,false,2025-01-20 00:00:00
277,sku-af-00277,air filter l - brandd pro,air_filter,air_l,brandd,box,5.51,7.44,0.99,false,2022-04-11 00:00:00
278,sku-cf-00278,cabin filter l - brandb max,cabin_filter,cabin_l,brandb,box,7.85,9.42,0.31,false,2024-09-01 00:00:00
280,sku-of-00280,oil filter l - brandf series-2,oil_filter,oil_l,brandf,ea,9.48,11.38,0.5,false,2022-06-12 00:00:00
281,sku-ef-00281,engine filter xl - brandg pro,engine_filter,engine_xl,brandg,ea,10.34,12.41,0.88,false,2022-02-16 00:00:00
282,sku-ff-00282,fuel filter s - brandg series-3,fuel_filter,fuel_s,brandg,ea,12.42,16.77,1.05,false,2022-02-19 00:00:00
283,sku-of-00283,oil filter m - branda pro,oil_filter,oil_m,branda,ea,8.95,16.11,0.65,false,2023-07-19 00:00:00
284,sku-cf-00284,cabin filter l - brandb series-3,cabin_filter,cabin_l,brandb,ea,13.99,18.89,0.94,false,2022-08-23 00:00:00
285,sku-ef-00285,engine filter m - brandd series-2,engine_filter,engine_m,brandd,ea,11.73,17.59,0.89,false,2022-04-25 00:00:00
286,sku-af-00286,air filter s - brandf pro,air_filter,air_s,brandf,ea,8.78,15.8,0.79,false,2025-10-11 00:00:00
287,sku-of-00287,oil filter m - brandb pro,oil_filter,oil_m,brandb,ea,8.88,10.66,0.44,false,2025-03-18 00:00:00
288,sku-af-00288,air filter s - brandg series-3,air_filter,air_s,brandg,box,9.87,13.32,0.83,false,2025-02-09 00:00:00
289,sku-ef-00289,engine filter l - branda pro,engine_filter,engine_l,branda,ea,13.83,24.89,0.97,false,2025-08-02 00:00:00
290,sku-af-00290,air filter m - brandc max,air_filter,air_m,brandc,ea,10.69,12.83,0.25,false,2025-09-06 00:00:00
291,sku-ef-00291,engine filter xl - brandb series-3,engine_filter,engine_xl,brandb,ea,14.29,17.15,0.81,false,2023-08-04 00:00:00
292,sku-cf-00292,cabin filter xl - branda series-1,cabin_filter,cabin_xl,branda,ea,9.24,13.86,0.36,false,2024-01-02 00:00:00
293,sku-ef-00293,engine filter m - brandh max,engine_filter,engine_m,brandh,ea,16.56,22.36,1.71,false,2022-01-13 00:00:00
294,sku-ef-00294,engine filter m - brande series-2,engine_filter,engine_m,brande,ea,15.27,22.91,0.74,false,2024-09-18 00:00:00
295,sku-of-00295,oil filter m - brandc pro,oil_filter,oil_m,brandc,ea,9.65,14.48,0.96,false,2023-09-25 00:00:00
296,sku-of-00296,oil filter l - brandd max,oil_filter,oil_l,brandd,ea,8.16,11.02,0.27,false,2022-11-18 00:00:00
297,sku-ff-00297,fuel filter xl - brandc pro,fuel_filter,fuel_xl,brandc,ea,13.62,16.34,1.61,false,2022-05-30 00:00:00
298,sku-af-00298,air filter xl - brandf pro,air_filter,air_xl,brandf,ea,7.22,10.83,1.16,false,2024-11-12 00:00:00
299,sku-ff-00299,fuel filter s - brandf max,fuel_filter,fuel_s,brandf,ea,8.39,10.07,1.36,false,2022-02-01 00:00:00
300,sku-ff-00300,fuel filter xl - brandf max,filter_misc,fuel_xl,brandf,box,10.63,14.35,1.11,false,2023-10-01 00:00:00
301,sku-of-00301,oil filter xl - brandb series-1,oil_filter,oil_xl,brandb,ea,10.3,7.94,0.63,false,2024-12-03 00:00:00
302,sku-cf-00302,cabin filter m - brandd max,cabin_filter,cabin_m,brandd,ea,10.4,12.48,0.2,false,2025-01-15 00:00:00
303,sku-cf-00303,cabin filter s - brande max,cabin_filter,cabin_s,brande,ea,14.49,19.56,0.83,false,2024-03-20 00:00:00
304,sku-ff-00304,fuel filter m - brandd pro,fuel_filter,fuel_m,brandd,ea,11.56,13.87,1.46,false,2024-06-19 00:00:00
305,sku-ef-00305,engine filter l - branda max,engine_filter,engine_l,branda,ea,18.37,24.8,1.71,false,2024-04-09 00:00:00
306,sku-af-00306,air filter xl - brandb series-1,air_filter,air_xl,brandb,ea,7.97,9.56,1.13,false,2022-09-14 00:00:00
307,sku-af-00307,air filter xl - brandc pro,air_filter,air_xl,brandc,ea,10.07,15.11,0.38,false,2024-01-09 00:00:00
308,sku-ef-00308,engine filter l - brandf series-1,engine_filter,engine_l,brandf,ea,10.4,15.6,1.51,false,2023-07-03 00:00:00
309,sku-of-00309,oil filter l - brandg series-1,oil_filter,oil_l,brandg,ea,4.59,6.88,0.28,true,2023-01-31 00:00:00
310,sku-of-00310,oil filter m - brandd pro,oil_filter,oil_m,brandd,ea,7.8,14.04,0.69,false,2023-04-02 00:00:00
311,sku-ff-00311,fuel filter l - brandc pro,fuel_filter,fuel_l,brandc,ea,12.26,16.55,1.96,false,2024-01-30 00:00:00
312,sku-ef-00312,engine filter m - branda max,engine_filter,engine_m,branda,ea,21.49,29.01,1.76,false,2023-12-29 00:00:00
313,sku-tf-00313,transmission filter l - brandb series-1,transmission_filter,transmission_l,brandb,ea,24.12,28.94,1.93,false,2023-08-13 00:00:00
314,sku-ff-00314,fuel filter xl - branda series-1,fuel_filter,fuel_xl,branda,ea,9.97,11.96,0.48,false,2023-03-21 00:00:00
315,sku-ff-00315,fuel filter m - brandf max,fuel_filter,fuel_m,brandf,ea,13.62,8.99,0.53,false,2024-06-28 00:00:00
316,sku-ff-00316,fuel filter xl - brandc max,fuel_filter,fuel_xl,brandc,ea,8.18,9.82,0.46,false,2022-03-15 00:00:00
317,sku-af-00317,air filter xl - brande max,air_filter,air_xl,brande,box,12.13,9.49,0.57,false,2024-07-31 00:00:00
318,sku-af-00318,air filter s - brandh series-1,air_filter,air_s,brandh,ea,10.81,23.78,0.75,false,2025-11-25 00:00:00
319,sku-ef-00319,engine filter l - brandb max,engine_filter,engine_l,brandb,ea,14.84,32.65,0.49,false,2024-06-10 00:00:00
320,sku-of-00320,oil filter l - brandg series-2,oil_filter,oil_l,brandg,ea,5.07,6.84,1.07,false,2022-02-13 00:00:00
